meeting_id,meeting_name,passcode,start_at,duration,mute_participants,course_id,instructor_id,recurr_id
0,Communications 1011,(K5@wUlc,2020-01-06 08:00:00,90,True,0,486,0
1,Communications 1012,,2020-01-13 08:00:00,90,True,0,486,0
2,Communications 1013,%1LSeUxD,2020-01-20 08:00:00,90,False,0,486,0
3,Communications 1014,,2020-01-27 08:00:00,90,True,0,486,0
4,Communications 1015,$mFF6ZDr,2020-02-03 08:00:00,90,True,0,486,0
5,Communications 1016,V&+3)RWd,2020-02-10 08:00:00,90,True,0,486,0
6,Communications 1017,,2020-02-17 08:00:00,90,False,0,486,0
7,Communications 1018,,2020-02-24 08:00:00,90,False,0,486,0
8,Communications 1019,,2020-03-02 08:00:00,90,True,0,486,0
9,Communications 10110,,2020-03-09 08:00:00,90,True,0,486,0
10,Communications 10111,,2020-03-16 08:00:00,90,True,0,486,0
11,Communications 10112,3q5S*7Ws,2020-03-23 08:00:00,90,False,0,486,0
12,Communications 10113,@O$W79Av,2020-03-30 08:00:00,90,True,0,486,0
13,Communications 10114,,2020-04-06 08:00:00,90,False,0,486,0
14,Communications 10115,,2020-04-13 08:00:00,90,True,0,486,0
15,Communications 10116,,2020-04-20 08:00:00,90,False,0,486,0
16,Communications 10117,t!hV3xUy,2020-04-27 08:00:00,90,True,0,486,0
17,Communications 10118,,2020-05-04 08:00:00,90,True,0,486,0
18,Communications 10119,,2020-05-11 08:00:00,90,True,0,486,0
19,Communications 10120,F_Cb8YdB,2020-05-18 08:00:00,90,True,0,486,0
20,Communications 10121,4OR*0Y(q,2020-05-25 08:00:00,90,False,0,486,0
21,Communications 10122,,2020-06-01 08:00:00,90,True,0,486,0
22,Communications 10123,^AgU5ZHu,2020-06-08 08:00:00,90,True,0,486,0
23,Communications 10124,)O5W^Qpn,2020-06-15 08:00:00,90,True,0,486,0
24,Communications 10125,%E9_Wqq^,2020-06-22 08:00:00,90,True,0,486,0
25,Art II1,,2020-07-09 13:00:00,60,True,1,199,1
26,Art II2,*04Tzrw8,2020-07-16 13:00:00,60,False,1,199,1
27,Art II3,,2020-07-23 13:00:00,60,True,1,199,1
28,Art II4,,2020-07-30 13:00:00,60,True,1,199,1
29,Art II5,(p5dctYi,2020-08-06 13:00:00,60,False,1,199,1
30,Art II6,,2020-08-13 13:00:00,60,False,1,199,1
31,Art II7,*d0FjiuL,2020-08-20 13:00:00,60,True,1,199,1
32,Art II8,,2020-08-27 13:00:00,60,False,1,199,1
33,Art II9,,2020-09-03 13:00:00,60,True,1,199,1
34,Art II10,&C_(*3Hf,2020-09-10 13:00:00,60,True,1,199,1
35,Art II11,,2020-09-17 13:00:00,60,False,1,199,1
36,Art II12,t$5+1Whn,2020-09-24 13:00:00,60,True,1,199,1
37,Art II13,ZV_2Uz8E,2020-10-01 13:00:00,60,False,1,199,1
38,Art II14,,2020-10-08 13:00:00,60,False,1,199,1
39,Art II15,bv&R7JsM,2020-10-15 13:00:00,60,True,1,199,1
40,Art II16,)5kfSMag,2020-10-22 13:00:00,60,True,1,199,1
41,Art II17,,2020-10-29 13:00:00,60,True,1,199,1
42,Art II18,,2020-11-05 13:00:00,60,True,1,199,1
43,Art II19,w_5Qorkk,2020-11-12 13:00:00,60,False,1,199,1
44,Art II20,,2020-11-19 13:00:00,60,True,1,199,1
45,Art II21,^1TyJfj0,2020-11-26 13:00:00,60,True,1,199,1
46,Art II22,&2Ex*CNr,2020-12-03 13:00:00,60,False,1,199,1
47,Art II23,,2020-12-10 13:00:00,60,False,1,199,1
48,Art II24,,2020-12-17 13:00:00,60,False,1,199,1
49,Art II25,*#8VaxHb,2020-12-24 13:00:00,60,True,1,199,1
50,Engineering 1021,$#&9BsWE,2020-10-05 16:00:00,30,True,2,59,2
51,Engineering 1022,,2020-10-12 16:00:00,30,True,2,59,2
52,Engineering 1023,,2020-10-19 16:00:00,30,False,2,59,2
53,Engineering 1024,,2020-10-26 16:00:00,30,True,2,59,2
54,Engineering 1025,,2020-11-02 16:00:00,30,True,2,59,2
55,Engineering 1026,,2020-11-09 16:00:00,30,False,2,59,2
56,Engineering 1027,U@i4ZNmp,2020-11-16 16:00:00,30,True,2,59,2
57,Engineering 1028,,2020-11-23 16:00:00,30,False,2,59,2
58,Engineering 1029,X$h8NMRc,2020-11-30 16:00:00,30,True,2,59,2
59,Engineering 10210,%G7IXIcI,2020-12-07 16:00:00,30,False,2,59,2
60,Engineering 10211,,2020-12-14 16:00:00,30,True,2,59,2
61,Engineering 10212,(9R!WYrv,2020-12-21 16:00:00,30,True,2,59,2
62,Acting1,,2020-01-06 10:00:00,60,False,3,187,3
63,Acting2,$0Wf#%xi,2020-01-13 10:00:00,60,True,3,233,3
64,Acting3,,2020-01-20 10:00:00,60,True,3,233,3
65,Acting4,,2020-01-27 10:00:00,60,False,3,187,3
66,Acting5,&1@FbOzZ,2020-02-03 10:00:00,60,True,3,59,3
67,Acting6,fs^3cGcn,2020-02-10 10:00:00,60,True,3,187,3
68,Acting7,+Z^O8Wa6,2020-02-17 10:00:00,60,False,3,59,3
69,Acting8,^1Z9MlmO,2020-02-24 10:00:00,60,True,3,233,3
70,Acting9,,2020-03-02 10:00:00,60,True,3,187,3
71,Acting10,eP(m4hVm,2020-03-09 10:00:00,60,False,3,59,3
72,Acting11,#H06L7s5,2020-03-16 10:00:00,60,True,3,187,3
73,Acting12,,2020-03-23 10:00:00,60,False,3,233,3
74,Acting13,,2020-03-30 10:00:00,60,False,3,233,3
75,Acting14,V*0lHKtv,2020-04-06 10:00:00,60,False,3,59,3
76,Acting15,,2020-04-13 10:00:00,60,False,3,233,3
77,Acting16,!8SgTzba,2020-04-20 10:00:00,60,True,3,59,3
78,Acting17,%3l5Csle,2020-04-27 10:00:00,60,False,3,187,3
79,Acting18,,2020-05-04 10:00:00,60,False,3,187,3
80,Acting19,,2020-05-11 10:00:00,60,True,3,59,3
81,Acting20,J!9nzLnr,2020-05-18 10:00:00,60,False,3,187,3
82,Acting21,(8NvFDPv,2020-05-25 10:00:00,60,True,3,233,3
83,Acting22,+3h1FxwF,2020-06-01 10:00:00,60,True,3,59,3
84,Acting23,,2020-06-08 10:00:00,60,True,3,187,3
85,Acting24,^3jE4U3b,2020-06-15 10:00:00,60,False,3,59,3
86,Acting25,()c1X6zD,2020-06-22 10:00:00,60,False,3,59,3
87,Geography II1,,2020-10-06 15:00:00,30,False,4,486,4
88,Geography II2,$2A&0yPh,2020-10-13 15:00:00,30,True,4,486,4
89,Geography II3,,2020-10-20 15:00:00,30,False,4,176,4
90,Geography II4,w^9UZHzo,2020-10-27 15:00:00,30,True,4,486,4
91,Geography II5,Cv!9wFmh,2020-11-03 15:00:00,30,True,4,486,4
92,Geography II6,_UA5T1gj,2020-11-10 15:00:00,30,False,4,486,4
93,Geography II7,*9M2tNpp,2020-11-17 15:00:00,30,True,4,486,4
94,Geography II8,,2020-11-24 15:00:00,30,False,4,176,4
95,Geography II9,&D7aFrt(,2020-12-01 15:00:00,30,True,4,176,4
96,Geography II10,%KlMi8Ep,2020-12-08 15:00:00,30,False,4,486,4
97,Geography II11,D%1yXUh^,2020-12-15 15:00:00,30,False,4,486,4
98,Geography II12,,2020-12-22 15:00:00,30,True,4,176,4
99,Advanced Math1,,2020-10-07 13:00:00,30,False,5,109,5
100,Advanced Math2,Ax*&1B8z,2020-10-14 13:00:00,30,False,5,109,5
101,Advanced Math3,,2020-10-21 13:00:00,30,True,5,142,5
102,Advanced Math4,,2020-10-28 13:00:00,30,True,5,142,5
103,Advanced Math5,M*%9EDCz,2020-11-04 13:00:00,30,True,5,474,5
104,Advanced Math6,$o3&R^Ce,2020-11-11 13:00:00,30,True,5,474,5
105,Advanced Math7,_s2&EaqS,2020-11-18 13:00:00,30,True,5,142,5
106,Advanced Math8,,2020-11-25 13:00:00,30,False,5,142,5
107,Advanced Math9,,2020-12-02 13:00:00,30,True,5,474,5
108,Advanced Math10,$3bDqvTI,2020-12-09 13:00:00,30,False,5,109,5
109,Advanced Math11,h(X0CrWU,2020-12-16 13:00:00,30,True,5,474,5
110,Advanced Math12,!7AHhLDs,2020-12-23 13:00:00,30,False,5,142,5
111,Creative Writing1,$*7UMvUI,2020-07-09 12:00:00,90,False,6,71,6
112,Creative Writing2,,2020-07-16 12:00:00,90,False,6,71,6
113,Creative Writing3,$zx8SEog,2020-07-23 12:00:00,90,False,6,71,6
114,Creative Writing4,,2020-07-30 12:00:00,90,True,6,71,6
115,Creative Writing5,,2020-08-06 12:00:00,90,True,6,71,6
116,Creative Writing6,,2020-08-13 12:00:00,90,False,6,71,6
117,Creative Writing7,TH*61BLr,2020-08-20 12:00:00,90,True,6,71,6
118,Creative Writing8,,2020-08-27 12:00:00,90,False,6,71,6
119,Creative Writing9,j^z7ScwH,2020-09-03 12:00:00,90,False,6,71,6
120,Creative Writing10,,2020-09-10 12:00:00,90,False,6,71,6
121,Creative Writing11,,2020-09-17 12:00:00,90,True,6,71,6
122,Creative Writing12,#0J3vWM1,2020-09-24 12:00:00,90,True,6,71,6
123,Creative Writing13,,2020-10-01 12:00:00,90,True,6,71,6
124,Creative Writing14,,2020-10-08 12:00:00,90,False,6,71,6
125,Creative Writing15,Z!9AK^Iy,2020-10-15 12:00:00,90,False,6,71,6
126,Creative Writing16,+@8X3o)d,2020-10-22 12:00:00,90,True,6,71,6
127,Creative Writing17,+1HUdoWE,2020-10-29 12:00:00,90,True,6,71,6
128,Creative Writing18,,2020-11-05 12:00:00,90,True,6,71,6
129,Creative Writing19,,2020-11-12 12:00:00,90,False,6,71,6
130,Creative Writing20,$6PAT8cq,2020-11-19 12:00:00,90,False,6,71,6
131,Creative Writing21,_hs*9Mbc,2020-11-26 12:00:00,90,True,6,71,6
132,Creative Writing22,%581J++a,2020-12-03 12:00:00,90,False,6,71,6
133,Creative Writing23,$J^8EeZ*,2020-12-10 12:00:00,90,True,6,71,6
134,Creative Writing24,Q#2L3p+n,2020-12-17 12:00:00,90,True,6,71,6
135,Creative Writing25,@@42Eqc4,2020-12-24 12:00:00,90,True,6,71,6
136,Physics 1011,,2020-04-07 08:00:00,60,False,7,223,7
137,Physics 1012,,2020-04-14 08:00:00,60,True,7,464,7
138,Physics 1013,!SA*1Nby,2020-04-21 08:00:00,60,False,7,223,7
139,Physics 1014,,2020-04-28 08:00:00,60,True,7,223,7
140,Physics 1015,4$WY1Gti,2020-05-05 08:00:00,60,True,7,464,7
141,Physics 1016,,2020-05-12 08:00:00,60,True,7,223,7
142,Physics 1017,9q)*6aAl,2020-05-19 08:00:00,60,True,7,223,7
143,Physics 1018,V#1Z4KpI,2020-05-26 08:00:00,60,False,7,464,7
144,Physics 1019,Mr@3%1Fr,2020-06-02 08:00:00,60,True,7,223,7
145,Physics 10110,+4zGCamt,2020-06-09 08:00:00,60,False,7,223,7
146,Physics 10111,,2020-06-16 08:00:00,60,False,7,223,7
147,Physics 10112,@2RIG*e*,2020-06-23 08:00:00,60,False,7,223,7
148,Public Relations1,,2020-01-08 13:00:00,120,True,8,1,8
149,Public Relations2,N&g!7VJi,2020-01-15 13:00:00,120,True,8,73,8
150,Public Relations3,,2020-01-22 13:00:00,120,True,8,132,8
151,Public Relations4,,2020-01-29 13:00:00,120,True,8,1,8
152,Public Relations5,(r5smJTe,2020-02-05 13:00:00,120,False,8,132,8
153,Public Relations6,t+3fXSIs,2020-02-12 13:00:00,120,True,8,73,8
154,Public Relations7,$l0AOgGw,2020-02-19 13:00:00,120,True,8,1,8
155,Public Relations8,,2020-02-26 13:00:00,120,True,8,1,8
156,Public Relations9,(7gJhypC,2020-03-04 13:00:00,120,True,8,73,8
157,Public Relations10,(a*4Z6Sr,2020-03-11 13:00:00,120,True,8,1,8
158,Public Relations11,_X*2BUb1,2020-03-18 13:00:00,120,False,8,132,8
159,Public Relations12,,2020-03-25 13:00:00,120,True,8,73,8
160,Public Relations13,*^6xKwR&,2020-04-01 13:00:00,120,False,8,73,8
161,Public Relations14,,2020-04-08 13:00:00,120,False,8,132,8
162,Public Relations15,#p0CS+wh,2020-04-15 13:00:00,120,False,8,73,8
163,Public Relations16,,2020-04-22 13:00:00,120,False,8,132,8
164,Public Relations17,I#W0)Qsk,2020-04-29 13:00:00,120,True,8,73,8
165,Public Relations18,r&5Qm#_G,2020-05-06 13:00:00,120,True,8,73,8
166,Public Relations19,,2020-05-13 13:00:00,120,False,8,73,8
167,Public Relations20,,2020-05-20 13:00:00,120,True,8,132,8
168,Public Relations21,,2020-05-27 13:00:00,120,True,8,73,8
169,Public Relations22,Y)2M+xqz,2020-06-03 13:00:00,120,True,8,132,8
170,Public Relations23,,2020-06-10 13:00:00,120,True,8,1,8
171,Public Relations24,5%2JQJrq,2020-06-17 13:00:00,120,True,8,132,8
172,Public Relations25,7_3HF*Rl,2020-06-24 13:00:00,120,True,8,132,8
173,Air Dynamics1,,2020-10-08 16:00:00,60,False,9,94,9
174,Air Dynamics2,,2020-10-15 16:00:00,60,True,9,94,9
175,Air Dynamics3,,2020-10-22 16:00:00,60,True,9,94,9
176,Air Dynamics4,,2020-10-29 16:00:00,60,True,9,94,9
177,Air Dynamics5,,2020-11-05 16:00:00,60,True,9,94,9
178,Air Dynamics6,,2020-11-12 16:00:00,60,True,9,94,9
179,Air Dynamics7,7#5GAgg6,2020-11-19 16:00:00,60,True,9,94,9
180,Air Dynamics8,z&Exd7Wr,2020-11-26 16:00:00,60,True,9,94,9
181,Air Dynamics9,TDq@9DkC,2020-12-03 16:00:00,60,False,9,94,9
182,Air Dynamics10,*u+C9LRl,2020-12-10 16:00:00,60,True,9,94,9
183,Air Dynamics11,$1BPtbi^,2020-12-17 16:00:00,60,True,9,94,9
184,Air Dynamics12,*7YU%(ej,2020-12-24 16:00:00,60,True,9,94,9
185,Operating Systems1,,2020-04-10 08:00:00,120,False,10,447,10
186,Operating Systems2,,2020-04-17 08:00:00,120,False,10,358,10
187,Operating Systems3,,2020-04-24 08:00:00,120,True,10,447,10
188,Operating Systems4,,2020-05-01 08:00:00,120,False,10,358,10
189,Operating Systems5,,2020-05-08 08:00:00,120,True,10,195,10
190,Operating Systems6,k!)9ABe7,2020-05-15 08:00:00,120,False,10,447,10
191,Operating Systems7,@5Cki_yS,2020-05-22 08:00:00,120,True,10,234,10
192,Operating Systems8,^kB58Nj+,2020-05-29 08:00:00,120,True,10,195,10
193,Operating Systems9,,2020-06-05 08:00:00,120,True,10,358,10
194,Operating Systems10,!C6uXhf@,2020-06-12 08:00:00,120,True,10,195,10
195,Operating Systems11,_s5Wm^&V,2020-06-19 08:00:00,120,True,10,195,10
196,World History I1,,2020-07-09 18:00:00,120,False,11,9,11
197,World History I2,,2020-07-16 18:00:00,120,True,11,484,11
198,World History I3,,2020-07-23 18:00:00,120,True,11,9,11
199,World History I4,,2020-07-30 18:00:00,120,False,11,9,11
200,World History I5,Ai_&3_Br,2020-08-06 18:00:00,120,True,11,484,11
201,World History I6,dm$0STZq,2020-08-13 18:00:00,120,False,11,484,11
202,World History I7,,2020-08-20 18:00:00,120,True,11,9,11
203,World History I8,!Oo7VOfw,2020-08-27 18:00:00,120,True,11,484,11
204,World History I9,+6H*Fxcj,2020-09-03 18:00:00,120,True,11,484,11
205,World History I10,,2020-09-10 18:00:00,120,True,11,484,11
206,World History I11,_4cU+UlP,2020-09-17 18:00:00,120,True,11,484,11
207,World History I12,WGI+9Rz5,2020-09-24 18:00:00,120,False,11,9,11
208,World History I13,,2020-10-01 18:00:00,120,True,11,484,11
209,World History I14,,2020-10-08 18:00:00,120,False,11,484,11
210,World History I15,!22kTc!c,2020-10-15 18:00:00,120,True,11,9,11
211,World History I16,%zn3B9Pw,2020-10-22 18:00:00,120,False,11,9,11
212,World History I17,K@5YQtDi,2020-10-29 18:00:00,120,False,11,9,11
213,World History I18,,2020-11-05 18:00:00,120,True,11,9,11
214,World History I19,,2020-11-12 18:00:00,120,True,11,9,11
215,World History I20,m(s2peHp,2020-11-19 18:00:00,120,True,11,9,11
216,World History I21,,2020-11-26 18:00:00,120,True,11,9,11
217,World History I22,T&X@!5Qk,2020-12-03 18:00:00,120,True,11,484,11
218,World History I23,q)&3VHmH,2020-12-10 18:00:00,120,True,11,9,11
219,World History I24,C(e3wiWg,2020-12-17 18:00:00,120,True,11,484,11
220,World History I25,,2020-12-24 18:00:00,120,False,11,9,11
221,Calligraphy1,5)8rQR@c,2020-07-08 11:00:00,30,True,12,492,12
222,Calligraphy2,$E1JEtyI,2020-07-15 11:00:00,30,False,12,276,12
223,Calligraphy3,,2020-07-22 11:00:00,30,True,12,334,12
224,Calligraphy4,v+R7NfHa,2020-07-29 11:00:00,30,True,12,492,12
225,Calligraphy5,,2020-08-05 11:00:00,30,False,12,334,12
226,Calligraphy6,,2020-08-12 11:00:00,30,True,12,276,12
227,Calligraphy7,$6MbDGCn,2020-08-19 11:00:00,30,True,12,334,12
228,Calligraphy8,)Jip0Jdj,2020-08-26 11:00:00,30,True,12,276,12
229,Calligraphy9,,2020-09-02 11:00:00,30,True,12,334,12
230,Calligraphy10,,2020-09-09 11:00:00,30,False,12,276,12
231,Calligraphy11,@7$7UNIv,2020-09-16 11:00:00,30,True,12,334,12
232,Calligraphy12,,2020-09-23 11:00:00,30,False,12,352,12
233,Calligraphy13,,2020-09-30 11:00:00,30,True,12,276,12
234,Calligraphy14,E)4TV_Kj,2020-10-07 11:00:00,30,False,12,276,12
235,Calligraphy15,(6cIGc9o,2020-10-14 11:00:00,30,True,12,334,12
236,Calligraphy16,$6KFldBz,2020-10-21 11:00:00,30,False,12,492,12
237,Calligraphy17,,2020-10-28 11:00:00,30,True,12,276,12
238,Calligraphy18,@#^@3LCr,2020-11-04 11:00:00,30,True,12,276,12
239,Calligraphy19,,2020-11-11 11:00:00,30,False,12,492,12
240,Calligraphy20,*200xGnr,2020-11-18 11:00:00,30,False,12,276,12
241,Calligraphy21,,2020-11-25 11:00:00,30,False,12,492,12
242,Calligraphy22,,2020-12-02 11:00:00,30,False,12,352,12
243,Calligraphy23,!j5&1OgX,2020-12-09 11:00:00,30,True,12,334,12
244,Calligraphy24,,2020-12-16 11:00:00,30,False,12,492,12
245,Calligraphy25,#o04gLhb,2020-12-23 11:00:00,30,False,12,492,12
246,Calculus I1,,2020-01-09 16:00:00,120,False,13,171,13
247,Calculus I2,yc$N52Uh,2020-01-16 16:00:00,120,False,13,171,13
248,Calculus I3,g&E5TX^e,2020-01-23 16:00:00,120,False,13,171,13
249,Calculus I4,iAx+c9Gf,2020-01-30 16:00:00,120,True,13,171,13
250,Calculus I5,,2020-02-06 16:00:00,120,True,13,171,13
251,Calculus I6,,2020-02-13 16:00:00,120,True,13,171,13
252,Calculus I7,,2020-02-20 16:00:00,120,True,13,171,13
253,Calculus I8,((3D_cSk,2020-02-27 16:00:00,120,False,13,171,13
254,Calculus I9,,2020-03-05 16:00:00,120,True,13,171,13
255,Calculus I10,,2020-03-12 16:00:00,120,True,13,171,13
256,Calculus I11,,2020-03-19 16:00:00,120,True,13,171,13
257,Calculus I12,,2020-03-26 16:00:00,120,True,13,171,13
258,Physical Education1,&_V9oOzf,2020-01-07 14:00:00,90,False,14,469,14
259,Physical Education2,Xg&11nJs,2020-01-14 14:00:00,90,False,14,475,14
260,Physical Education3,_dh6UV@f,2020-01-21 14:00:00,90,False,14,464,14
261,Physical Education4,_bX6GZbt,2020-01-28 14:00:00,90,False,14,475,14
262,Physical Education5,,2020-02-04 14:00:00,90,True,14,469,14
263,Physical Education6,)vl9WbPn,2020-02-11 14:00:00,90,False,14,475,14
264,Physical Education7,,2020-02-18 14:00:00,90,True,14,469,14
265,Physical Education8,(!iS8Tq3,2020-02-25 14:00:00,90,False,14,12,14
266,Physical Education9,,2020-03-03 14:00:00,90,False,14,12,14
267,Physical Education10,$Hhn76Fc,2020-03-10 14:00:00,90,True,14,464,14
268,Physical Education11,w^0h_Aap,2020-03-17 14:00:00,90,True,14,464,14
269,Physical Education12,,2020-03-24 14:00:00,90,True,14,12,14
270,Physical Education13,7*0RnENk,2020-03-31 14:00:00,90,False,14,464,14
271,Physical Education14,R%X7AxGw,2020-04-07 14:00:00,90,True,14,475,14
272,Physical Education15,,2020-04-14 14:00:00,90,False,14,12,14
273,Physical Education16,bs+8LmBx,2020-04-21 14:00:00,90,False,14,464,14
274,Physical Education17,$07H__jy,2020-04-28 14:00:00,90,False,14,475,14
275,Physical Education18,,2020-05-05 14:00:00,90,False,14,475,14
276,Physical Education19,,2020-05-12 14:00:00,90,True,14,469,14
277,Physical Education20,,2020-05-19 14:00:00,90,False,14,464,14
278,Physical Education21,,2020-05-26 14:00:00,90,True,14,464,14
279,Physical Education22,D+1PODnu,2020-06-02 14:00:00,90,True,14,464,14
280,Physical Education23,+570FnlP,2020-06-09 14:00:00,90,False,14,464,14
281,Physical Education24,,2020-06-16 14:00:00,90,True,14,475,14
282,Physical Education25,cpX&$7Qa,2020-06-23 14:00:00,90,True,14,464,14
283,Data Structures1,(hZ5N8vv,2020-01-09 14:00:00,60,False,15,8,15
284,Data Structures2,,2020-01-16 14:00:00,60,True,15,440,15
285,Data Structures3,,2020-01-23 14:00:00,60,True,15,440,15
286,Data Structures4,,2020-01-30 14:00:00,60,False,15,440,15
287,Data Structures5,,2020-02-06 14:00:00,60,True,15,8,15
288,Data Structures6,,2020-02-13 14:00:00,60,True,15,440,15
289,Data Structures7,,2020-02-20 14:00:00,60,False,15,440,15
290,Data Structures8,_7C^gg*r,2020-02-27 14:00:00,60,True,15,440,15
291,Data Structures9,,2020-03-05 14:00:00,60,False,15,440,15
292,Data Structures10,c#7TevIb,2020-03-12 14:00:00,60,False,15,8,15
293,Data Structures11,,2020-03-19 14:00:00,60,True,15,440,15
294,Data Structures12,,2020-03-26 14:00:00,60,False,15,440,15
295,Microeconomics1,(1XI4Lps,2020-04-08 13:00:00,90,True,16,107,16
296,Microeconomics2,,2020-04-15 13:00:00,90,False,16,109,16
297,Microeconomics3,,2020-04-22 13:00:00,90,False,16,109,16
298,Microeconomics4,,2020-04-29 13:00:00,90,True,16,109,16
299,Microeconomics5,,2020-05-06 13:00:00,90,False,16,335,16
300,Microeconomics6,,2020-05-13 13:00:00,90,True,16,107,16
301,Microeconomics7,,2020-05-20 13:00:00,90,False,16,107,16
302,Microeconomics8,,2020-05-27 13:00:00,90,False,16,335,16
303,Microeconomics9,,2020-06-03 13:00:00,90,True,16,109,16
304,Microeconomics10,,2020-06-10 13:00:00,90,False,16,109,16
305,Microeconomics11,^9KLLVm_,2020-06-17 13:00:00,90,True,16,109,16
306,Microeconomics12,,2020-06-24 13:00:00,90,False,16,109,16
307,Technical Writing1,@%QnF6Rj,2020-07-08 10:00:00,60,True,17,223,17
308,Technical Writing2,(7ZOv+ce,2020-07-15 10:00:00,60,False,17,154,17
309,Technical Writing3,,2020-07-22 10:00:00,60,True,17,154,17
310,Technical Writing4,,2020-07-29 10:00:00,60,False,17,359,17
311,Technical Writing5,,2020-08-05 10:00:00,60,True,17,298,17
312,Technical Writing6,#&u2RftA,2020-08-12 10:00:00,60,True,17,298,17
313,Technical Writing7,,2020-08-19 10:00:00,60,True,17,298,17
314,Technical Writing8,GOJ)7IEj,2020-08-26 10:00:00,60,True,17,298,17
315,Technical Writing9,,2020-09-02 10:00:00,60,True,17,154,17
316,Technical Writing10,,2020-09-09 10:00:00,60,True,17,298,17
317,Technical Writing11,^BrEk1Sb,2020-09-16 10:00:00,60,True,17,154,17
318,Technical Writing12,K^2OhbO4,2020-09-23 10:00:00,60,False,17,223,17
319,Technical Writing13,,2020-09-30 10:00:00,60,True,17,298,17
320,Technical Writing14,^_3cJsRq,2020-10-07 10:00:00,60,False,17,154,17
321,Technical Writing15,!1FcMNyk,2020-10-14 10:00:00,60,False,17,359,17
322,Technical Writing16,5)KG0tBg,2020-10-21 10:00:00,60,False,17,154,17
323,Technical Writing17,,2020-10-28 10:00:00,60,True,17,359,17
324,Technical Writing18,!v1q#Fur,2020-11-04 10:00:00,60,True,17,223,17
325,Technical Writing19,,2020-11-11 10:00:00,60,False,17,223,17
326,Technical Writing20,w^&3GTn6,2020-11-18 10:00:00,60,True,17,298,17
327,Technical Writing21,,2020-11-25 10:00:00,60,False,17,223,17
328,Technical Writing22,yz*4tYFa,2020-12-02 10:00:00,60,True,17,298,17
329,Technical Writing23,,2020-12-09 10:00:00,60,False,17,223,17
330,Technical Writing24,!n5pg2Yp,2020-12-16 10:00:00,60,True,17,298,17
331,Technical Writing25,#5nWyM&s,2020-12-23 10:00:00,60,False,17,154,17
332,English 1031,$#2BLj#L,2020-10-05 14:00:00,60,True,18,8,18
333,English 1032,L_DH8uMd,2020-10-12 14:00:00,60,True,18,8,18
334,English 1033,,2020-10-19 14:00:00,60,True,18,410,18
335,English 1034,,2020-10-26 14:00:00,60,True,18,410,18
336,English 1035,,2020-11-02 14:00:00,60,True,18,410,18
337,English 1036,,2020-11-09 14:00:00,60,False,18,410,18
338,English 1037,U^S0Ds89,2020-11-16 14:00:00,60,False,18,8,18
339,English 1038,,2020-11-23 14:00:00,60,False,18,410,18
340,English 1039,,2020-11-30 14:00:00,60,True,18,8,18
341,English 10310,,2020-12-07 14:00:00,60,True,18,8,18
342,English 10311,Q+t@0Uc*,2020-12-14 14:00:00,60,True,18,8,18
343,English 10312,*oy0emBn,2020-12-21 14:00:00,60,True,18,410,18
344,Japanese II1,,2020-07-06 16:00:00,30,False,19,209,19
345,Japanese II2,$h5Hozmp,2020-07-13 16:00:00,30,True,19,376,19
346,Japanese II3,_(2KS#0m,2020-07-20 16:00:00,30,True,19,376,19
347,Japanese II4,@s1S)QAl,2020-07-27 16:00:00,30,True,19,209,19
348,Japanese II5,,2020-08-03 16:00:00,30,False,19,376,19
349,Japanese II6,x_6PTSyl,2020-08-10 16:00:00,30,False,19,109,19
350,Japanese II7,,2020-08-17 16:00:00,30,True,19,109,19
351,Japanese II8,G@X5J1mt,2020-08-24 16:00:00,30,True,19,376,19
352,Japanese II9,^^8Jpt9I,2020-08-31 16:00:00,30,False,19,160,19
353,Japanese II10,,2020-09-07 16:00:00,30,True,19,376,19
354,Japanese II11,me$9RXRq,2020-09-14 16:00:00,30,True,19,209,19
355,Japanese II12,,2020-09-21 16:00:00,30,True,19,160,19
356,Physics 1031,@13B2f(w,2020-07-06 15:00:00,120,True,20,290,20
357,Physics 1032,,2020-07-13 15:00:00,120,False,20,290,20
358,Physics 1033,)$9Ijzqr,2020-07-20 15:00:00,120,False,20,290,20
359,Physics 1034,&%88Q6Ij,2020-07-27 15:00:00,120,False,20,290,20
360,Physics 1035,*)6H#@e4,2020-08-03 15:00:00,120,False,20,290,20
361,Physics 1036,F$QM7Gz6,2020-08-10 15:00:00,120,False,20,290,20
362,Physics 1037,,2020-08-17 15:00:00,120,False,20,290,20
363,Physics 1038,,2020-08-24 15:00:00,120,False,20,290,20
364,Physics 1039,,2020-08-31 15:00:00,120,True,20,290,20
365,Physics 10310,,2020-09-07 15:00:00,120,True,20,290,20
366,Physics 10311,,2020-09-14 15:00:00,120,False,20,290,20
367,Physics 10312,,2020-09-21 15:00:00,120,True,20,290,20
368,Physics 10313,L$7RKyr*,2020-09-28 15:00:00,120,False,20,290,20
369,Physics 10314,$9TW59jZ,2020-10-05 15:00:00,120,True,20,290,20
370,Physics 10315,+7Ml@NK&,2020-10-12 15:00:00,120,True,20,290,20
371,Physics 10316,!eE3qStk,2020-10-19 15:00:00,120,True,20,290,20
372,Physics 10317,,2020-10-26 15:00:00,120,False,20,290,20
373,Physics 10318,,2020-11-02 15:00:00,120,False,20,290,20
374,Physics 10319,,2020-11-09 15:00:00,120,False,20,290,20
375,Physics 10320,@0O)u)g8,2020-11-16 15:00:00,120,False,20,290,20
376,Physics 10321,H#3qDpFJ,2020-11-23 15:00:00,120,False,20,290,20
377,Physics 10322,6SP(m8Cr,2020-11-30 15:00:00,120,True,20,290,20
378,Physics 10323,,2020-12-07 15:00:00,120,False,20,290,20
379,Physics 10324,,2020-12-14 15:00:00,120,True,20,290,20
380,Physics 10325,#s%8A8pt,2020-12-21 15:00:00,120,True,20,290,20
381,Database1,,2020-07-06 10:00:00,120,True,21,359,21
382,Database2,,2020-07-13 10:00:00,120,True,21,150,21
383,Database3,,2020-07-20 10:00:00,120,False,21,150,21
384,Database4,(3!_88Vx,2020-07-27 10:00:00,120,False,21,21,21
385,Database5,&2CD&Jh7,2020-08-03 10:00:00,120,True,21,150,21
386,Database6,&Uy13LCb,2020-08-10 10:00:00,120,True,21,21,21
387,Database7,,2020-08-17 10:00:00,120,False,21,359,21
388,Database8,+yx0GlLv,2020-08-24 10:00:00,120,False,21,150,21
389,Database9,$9j0ERZo,2020-08-31 10:00:00,120,True,21,150,21
390,Database10,D%i93Q2k,2020-09-07 10:00:00,120,True,21,359,21
391,Database11,!t_u3NAd,2020-09-14 10:00:00,120,True,21,359,21
392,Database12,,2020-09-21 10:00:00,120,True,21,150,21
393,Database13,_d964lJu,2020-09-28 10:00:00,120,True,21,150,21
394,Database14,,2020-10-05 10:00:00,120,False,21,21,21
395,Database15,,2020-10-12 10:00:00,120,True,21,359,21
396,Database16,,2020-10-19 10:00:00,120,True,21,21,21
397,Database17,(5T0eMu$,2020-10-26 10:00:00,120,True,21,359,21
398,Database18,#df2GZVs,2020-11-02 10:00:00,120,False,21,359,21
399,Database19,C^+S8Xez,2020-11-09 10:00:00,120,False,21,150,21
400,Database20,!&_%4GIh,2020-11-16 10:00:00,120,False,21,21,21
401,Database21,$6PDiXck,2020-11-23 10:00:00,120,True,21,359,21
402,Database22,p8%8dQag,2020-11-30 10:00:00,120,False,21,21,21
403,Database23,S$$%1nBr,2020-12-07 10:00:00,120,True,21,150,21
404,Database24,)Wf9TVjR,2020-12-14 10:00:00,120,True,21,150,21
405,Database25,@0iuH(ly,2020-12-21 10:00:00,120,True,21,359,21
406,Anatomy III1,$y22BogW,2020-01-06 14:00:00,120,False,22,21,22
407,Anatomy III2,#3W5dWdk,2020-01-13 14:00:00,120,False,22,21,22
408,Anatomy III3,&T4PbvqW,2020-01-20 14:00:00,120,False,22,21,22
409,Anatomy III4,,2020-01-27 14:00:00,120,True,22,21,22
410,Anatomy III5,$1$Z4%Hf,2020-02-03 14:00:00,120,True,22,100,22
411,Anatomy III6,m)6zNJFp,2020-02-10 14:00:00,120,True,22,100,22
412,Anatomy III7,,2020-02-17 14:00:00,120,False,22,21,22
413,Anatomy III8,,2020-02-24 14:00:00,120,True,22,100,22
414,Anatomy III9,I@0SZ)fd,2020-03-02 14:00:00,120,True,22,100,22
415,Anatomy III10,b_2DPNmd,2020-03-09 14:00:00,120,True,22,21,22
416,Anatomy III11,_8#CDIcp,2020-03-16 14:00:00,120,True,22,100,22
417,Anatomy III12,,2020-03-23 14:00:00,120,False,22,21,22
418,Informatics1,#6IDUdAv,2020-07-07 14:00:00,60,True,23,464,23
419,Informatics2,,2020-07-14 14:00:00,60,True,23,464,23
420,Informatics3,,2020-07-21 14:00:00,60,False,23,464,23
421,Informatics4,^$9Bv60e,2020-07-28 14:00:00,60,True,23,464,23
422,Informatics5,,2020-08-04 14:00:00,60,False,23,464,23
423,Informatics6,,2020-08-11 14:00:00,60,True,23,464,23
424,Informatics7,)662Hue1,2020-08-18 14:00:00,60,True,23,464,23
425,Informatics8,,2020-08-25 14:00:00,60,False,23,464,23
426,Informatics9,(2o^5WwV,2020-09-01 14:00:00,60,False,23,464,23
427,Informatics10,,2020-09-08 14:00:00,60,False,23,464,23
428,Informatics11,_$4Z^cup,2020-09-15 14:00:00,60,False,23,464,23
429,Informatics12,,2020-09-22 14:00:00,60,True,23,464,23
430,Informatics13,,2020-09-29 14:00:00,60,True,23,464,23
431,Informatics14,,2020-10-06 14:00:00,60,True,23,464,23
432,Informatics15,,2020-10-13 14:00:00,60,False,23,464,23
433,Informatics16,,2020-10-20 14:00:00,60,False,23,464,23
434,Informatics17,,2020-10-27 14:00:00,60,True,23,464,23
435,Informatics18,h+7VKKxN,2020-11-03 14:00:00,60,False,23,464,23
436,Informatics19,$2Uv1WI@,2020-11-10 14:00:00,60,True,23,464,23
437,Informatics20,)8cF&eHu,2020-11-17 14:00:00,60,True,23,464,23
438,Informatics21,Ir#9WzdJ,2020-11-24 14:00:00,60,False,23,464,23
439,Informatics22,,2020-12-01 14:00:00,60,True,23,464,23
440,Informatics23,,2020-12-08 14:00:00,60,True,23,464,23
441,Informatics24,rk$d1Uc0,2020-12-15 14:00:00,60,False,23,464,23
442,Informatics25,,2020-12-22 14:00:00,60,False,23,464,23
443,English 1021,T$7mXGjE,2020-10-07 10:00:00,120,False,24,235,24
444,English 1022,,2020-10-14 10:00:00,120,False,24,235,24
445,English 1023,,2020-10-21 10:00:00,120,True,24,235,24
446,English 1024,Rv@$5JsE,2020-10-28 10:00:00,120,False,24,235,24
447,English 1025,,2020-11-04 10:00:00,120,False,24,235,24
448,English 1026,+2YBALhx,2020-11-11 10:00:00,120,True,24,235,24
449,English 1027,,2020-11-18 10:00:00,120,True,24,235,24
450,English 1028,*W6ywOxt,2020-11-25 10:00:00,120,True,24,235,24
451,English 1029,)8W0E_xJ,2020-12-02 10:00:00,120,True,24,235,24
452,English 10210,#u!9TMdd,2020-12-09 10:00:00,120,True,24,235,24
453,English 10211,,2020-12-16 10:00:00,120,False,24,235,24
454,English 10212,,2020-12-23 10:00:00,120,False,24,235,24
455,Art III1,,2020-07-09 14:00:00,90,True,25,39,25
456,Art III2,(&505yOw,2020-07-16 14:00:00,90,True,25,39,25
457,Art III3,^p3tqOUv,2020-07-23 14:00:00,90,False,25,39,25
458,Art III4,m+0F0lov,2020-07-30 14:00:00,90,False,25,39,25
459,Art III5,,2020-08-06 14:00:00,90,True,25,39,25
460,Art III6,,2020-08-13 14:00:00,90,False,25,39,25
461,Art III7,D))5oFgB,2020-08-20 14:00:00,90,True,25,39,25
462,Art III8,,2020-08-27 14:00:00,90,False,25,39,25
463,Art III9,j_e6Z3Fo,2020-09-03 14:00:00,90,True,25,39,25
464,Art III10,,2020-09-10 14:00:00,90,True,25,39,25
465,Art III11,,2020-09-17 14:00:00,90,True,25,39,25
466,Art III12,,2020-09-24 14:00:00,90,True,25,39,25
467,Religion II1,,2020-07-07 08:00:00,30,True,26,47,26
468,Religion II2,,2020-07-14 08:00:00,30,True,26,47,26
469,Religion II3,,2020-07-21 08:00:00,30,True,26,420,26
470,Religion II4,,2020-07-28 08:00:00,30,True,26,47,26
471,Religion II5,s#nKA1Is,2020-08-04 08:00:00,30,True,26,217,26
472,Religion II6,J_1^Ta&n,2020-08-11 08:00:00,30,True,26,47,26
473,Religion II7,,2020-08-18 08:00:00,30,True,26,420,26
474,Religion II8,^5_hOwbK,2020-08-25 08:00:00,30,True,26,47,26
475,Religion II9,,2020-09-01 08:00:00,30,True,26,47,26
476,Religion II10,,2020-09-08 08:00:00,30,True,26,217,26
477,Religion II11,+@6uB45m,2020-09-15 08:00:00,30,True,26,420,26
478,Religion II12,,2020-09-22 08:00:00,30,False,26,47,26
479,Anatomy II1,,2020-01-09 13:00:00,90,True,27,188,27
480,Anatomy II2,,2020-01-16 13:00:00,90,False,27,188,27
481,Anatomy II3,,2020-01-23 13:00:00,90,False,27,188,27
482,Anatomy II4,P&M6Fkrg,2020-01-30 13:00:00,90,False,27,188,27
483,Anatomy II5,o&+j1JQb,2020-02-06 13:00:00,90,False,27,188,27
484,Anatomy II6,^ug5GVr#,2020-02-13 13:00:00,90,True,27,188,27
485,Anatomy II7,,2020-02-20 13:00:00,90,True,27,188,27
486,Anatomy II8,%zA9Howw,2020-02-27 13:00:00,90,False,27,188,27
487,Anatomy II9,,2020-03-05 13:00:00,90,True,27,188,27
488,Anatomy II10,,2020-03-12 13:00:00,90,True,27,188,27
489,Anatomy II11,_)9MvLIR,2020-03-19 13:00:00,90,True,27,188,27
490,Anatomy II12,,2020-03-26 13:00:00,90,True,27,188,27
491,Art History1,+%6LKM5n,2020-07-10 17:00:00,120,False,28,73,28
492,Art History2,v%w9lJwd,2020-07-17 17:00:00,120,True,28,73,28
493,Art History3,,2020-07-24 17:00:00,120,True,28,73,28
494,Art History4,,2020-07-31 17:00:00,120,False,28,73,28
495,Art History5,,2020-08-07 17:00:00,120,True,28,73,28
496,Art History6,)U94GRo@,2020-08-14 17:00:00,120,True,28,73,28
497,Art History7,8*5EB*r6,2020-08-21 17:00:00,120,False,28,73,28
498,Art History8,,2020-08-28 17:00:00,120,False,28,73,28
499,Art History9,_8$XSZcs,2020-09-04 17:00:00,120,True,28,73,28
500,Art History10,,2020-09-11 17:00:00,120,True,28,73,28
501,Art History11,,2020-09-18 17:00:00,120,True,28,73,28
502,Art History12,_u0B_&7b,2020-09-25 17:00:00,120,True,28,73,28
503,Art History13,#b4SIEvL,2020-10-02 17:00:00,120,True,28,73,28
504,Art History14,,2020-10-09 17:00:00,120,True,28,73,28
505,Art History15,_4L^71Pf,2020-10-16 17:00:00,120,False,28,73,28
506,Art History16,,2020-10-23 17:00:00,120,True,28,73,28
507,Art History17,p4^92ePt,2020-10-30 17:00:00,120,False,28,73,28
508,Art History18,(h8N8MdE,2020-11-06 17:00:00,120,False,28,73,28
509,Art History19,*2Ox0kT$,2020-11-13 17:00:00,120,True,28,73,28
510,Art History20,$0KcLP3Z,2020-11-20 17:00:00,120,False,28,73,28
511,Art History21,,2020-11-27 17:00:00,120,True,28,73,28
512,Art History22,u_$8X)vq,2020-12-04 17:00:00,120,False,28,73,28
513,Art History23,,2020-12-11 17:00:00,120,False,28,73,28
514,Art History24,V7(H7+Be,2020-12-18 17:00:00,120,False,28,73,28
515,Philosophy1,,2020-07-08 13:00:00,90,True,29,40,29
516,Philosophy2,,2020-07-15 13:00:00,90,False,29,210,29
517,Philosophy3,,2020-07-22 13:00:00,90,True,29,210,29
518,Philosophy4,8g&W2RQe,2020-07-29 13:00:00,90,True,29,210,29
519,Philosophy5,%0$n@L!z,2020-08-05 13:00:00,90,True,29,210,29
520,Philosophy6,!1eDq6Ms,2020-08-12 13:00:00,90,True,29,210,29
521,Philosophy7,,2020-08-19 13:00:00,90,False,29,210,29
522,Philosophy8,V%xu6@Rp,2020-08-26 13:00:00,90,False,29,210,29
523,Philosophy9,,2020-09-02 13:00:00,90,False,29,210,29
524,Philosophy10,jWQ#K6Qh,2020-09-09 13:00:00,90,False,29,40,29
525,Philosophy11,,2020-09-16 13:00:00,90,True,29,210,29
526,Philosophy12,&(7QEqw!,2020-09-23 13:00:00,90,False,29,40,29
527,Chinese I1,*9#DzI5X,2020-01-06 10:00:00,30,True,30,94,30
528,Chinese I2,h!Z9RX_h,2020-01-13 10:00:00,30,False,30,94,30
529,Chinese I3,,2020-01-20 10:00:00,30,False,30,45,30
530,Chinese I4,R@85*WmQ,2020-01-27 10:00:00,30,False,30,94,30
531,Chinese I5,,2020-02-03 10:00:00,30,True,30,94,30
532,Chinese I6,,2020-02-10 10:00:00,30,True,30,358,30
533,Chinese I7,,2020-02-17 10:00:00,30,False,30,358,30
534,Chinese I8,*a8uTLyN,2020-02-24 10:00:00,30,False,30,45,30
535,Chinese I9,%R@8lKWl,2020-03-02 10:00:00,30,False,30,358,30
536,Chinese I10,9)8UIn!v,2020-03-09 10:00:00,30,False,30,358,30
537,Chinese I11,!3KTJdHL,2020-03-16 10:00:00,30,True,30,45,30
538,Chinese I12,,2020-03-23 10:00:00,30,False,30,45,30
539,Chinese I13,2)z!m6Ln,2020-03-30 10:00:00,30,True,30,94,30
540,Chinese I14,,2020-04-06 10:00:00,30,False,30,94,30
541,Chinese I15,7%4FVQ$j,2020-04-13 10:00:00,30,False,30,45,30
542,Chinese I16,B7&05sIb,2020-04-20 10:00:00,30,True,30,94,30
543,Chinese I17,,2020-04-27 10:00:00,30,True,30,358,30
544,Chinese I18,m%&Eb5Rm,2020-05-04 10:00:00,30,False,30,358,30
545,Chinese I19,,2020-05-11 10:00:00,30,True,30,358,30
546,Chinese I20,(r5U3WdF,2020-05-18 10:00:00,30,True,30,45,30
547,Chinese I21,Xo#5r6Sd,2020-05-25 10:00:00,30,True,30,94,30
548,Chinese I22,H$^3bC^j,2020-06-01 10:00:00,30,True,30,94,30
549,Chinese I23,_iH0o9En,2020-06-08 10:00:00,30,False,30,45,30
550,Chinese I24,C@h3VFIg,2020-06-15 10:00:00,30,True,30,45,30
551,Chinese I25,,2020-06-22 10:00:00,30,False,30,358,30
552,Finance 1021,,2020-01-07 17:00:00,60,True,31,182,31
553,Finance 1022,,2020-01-14 17:00:00,60,True,31,182,31
554,Finance 1023,X%i8Nfwt,2020-01-21 17:00:00,60,False,31,486,31
555,Finance 1024,%8*KjQ98,2020-01-28 17:00:00,60,True,31,486,31
556,Finance 1025,^c^3d2Aj,2020-02-04 17:00:00,60,False,31,182,31
557,Finance 1026,O@6XAI5z,2020-02-11 17:00:00,60,False,31,486,31
558,Finance 1027,+80g6T&n,2020-02-18 17:00:00,60,False,31,486,31
559,Finance 1028,,2020-02-25 17:00:00,60,False,31,182,31
560,Finance 1029,sY!Y50Uh,2020-03-03 17:00:00,60,False,31,486,31
561,Finance 10210,)1NVcwub,2020-03-10 17:00:00,60,True,31,486,31
562,Finance 10211,e(_&7CHm,2020-03-17 17:00:00,60,True,31,486,31
563,Finance 10212,,2020-03-24 17:00:00,60,False,31,486,31
564,Finance 10213,&A5G_GxH,2020-03-31 17:00:00,60,False,31,486,31
565,Finance 10214,(l32WB%m,2020-04-07 17:00:00,60,True,31,182,31
566,Finance 10215,*k@)9Fsp,2020-04-14 17:00:00,60,True,31,486,31
567,Finance 10216,,2020-04-21 17:00:00,60,True,31,182,31
568,Finance 10217,%98DTMxS,2020-04-28 17:00:00,60,False,31,486,31
569,Finance 10218,,2020-05-05 17:00:00,60,False,31,486,31
570,Finance 10219,,2020-05-12 17:00:00,60,False,31,486,31
571,Finance 10220,,2020-05-19 17:00:00,60,True,31,182,31
572,Finance 10221,,2020-05-26 17:00:00,60,False,31,486,31
573,Finance 10222,*X%e5DEt,2020-06-02 17:00:00,60,False,31,486,31
574,Finance 10223,!L)2WMeZ,2020-06-09 17:00:00,60,False,31,182,31
575,Finance 10224,L&MJ77Pn,2020-06-16 17:00:00,60,True,31,182,31
576,Finance 10225,(!s$k3Ho,2020-06-23 17:00:00,60,True,31,486,31
577,Humanities 1021,,2020-01-08 18:00:00,60,False,32,347,32
578,Humanities 1022,+F2gM9d0,2020-01-15 18:00:00,60,True,32,128,32
579,Humanities 1023,^y63R9Ft,2020-01-22 18:00:00,60,False,32,128,32
580,Humanities 1024,_XXgd3Ti,2020-01-29 18:00:00,60,False,32,128,32
581,Humanities 1025,,2020-02-05 18:00:00,60,False,32,128,32
582,Humanities 1026,,2020-02-12 18:00:00,60,False,32,347,32
583,Humanities 1027,%&1!IMFb,2020-02-19 18:00:00,60,True,32,128,32
584,Humanities 1028,+(SbW1Mg,2020-02-26 18:00:00,60,True,32,128,32
585,Humanities 1029,!(X)q1Uw,2020-03-04 18:00:00,60,True,32,347,32
586,Humanities 10210,,2020-03-11 18:00:00,60,False,32,347,32
587,Humanities 10211,F5$5h6Qw,2020-03-18 18:00:00,60,True,32,128,32
588,Humanities 10212,,2020-03-25 18:00:00,60,False,32,347,32
589,Finance 1011,,2020-01-08 17:00:00,90,False,33,117,33
590,Finance 1012,va@3H)id,2020-01-15 17:00:00,90,True,33,117,33
591,Finance 1013,,2020-01-22 17:00:00,90,True,33,117,33
592,Finance 1014,,2020-01-29 17:00:00,90,False,33,117,33
593,Finance 1015,,2020-02-05 17:00:00,90,False,33,117,33
594,Finance 1016,,2020-02-12 17:00:00,90,False,33,117,33
595,Finance 1017,,2020-02-19 17:00:00,90,True,33,117,33
596,Finance 1018,u&SP0Vtw,2020-02-26 17:00:00,90,True,33,117,33
597,Finance 1019,d*1uIQsn,2020-03-04 17:00:00,90,True,33,117,33
598,Finance 10110,,2020-03-11 17:00:00,90,False,33,117,33
599,Finance 10111,,2020-03-18 17:00:00,90,True,33,117,33
600,Finance 10112,,2020-03-25 17:00:00,90,False,33,117,33
601,Financial Theory1,,2020-01-08 18:00:00,120,False,34,94,34
602,Financial Theory2,,2020-01-15 18:00:00,120,False,34,107,34
603,Financial Theory3,_$7pEuSa,2020-01-22 18:00:00,120,True,34,175,34
604,Financial Theory4,,2020-01-29 18:00:00,120,True,34,182,34
605,Financial Theory5,)8_TC)ia,2020-02-05 18:00:00,120,True,34,182,34
606,Financial Theory6,^9gEgPc+,2020-02-12 18:00:00,120,False,34,107,34
607,Financial Theory7,i7!Y2EpL,2020-02-19 18:00:00,120,False,34,94,34
608,Financial Theory8,,2020-02-26 18:00:00,120,True,34,94,34
609,Financial Theory9,G$P9%Fjc,2020-03-04 18:00:00,120,False,34,182,34
610,Financial Theory10,,2020-03-11 18:00:00,120,True,34,175,34
611,Financial Theory11,,2020-03-18 18:00:00,120,True,34,107,34
612,Financial Theory12,Fx!48F7f,2020-03-25 18:00:00,120,False,34,175,34
613,Art I1,,2020-01-09 18:00:00,30,False,35,182,35
614,Art I2,,2020-01-16 18:00:00,30,True,35,100,35
615,Art I3,J^r5p3Ic,2020-01-23 18:00:00,30,True,35,100,35
616,Art I4,,2020-01-30 18:00:00,30,False,35,40,35
617,Art I5,,2020-02-06 18:00:00,30,False,35,182,35
618,Art I6,,2020-02-13 18:00:00,30,True,35,40,35
619,Art I7,,2020-02-20 18:00:00,30,False,35,40,35
620,Art I8,X(4AX4Ka,2020-02-27 18:00:00,30,True,35,182,35
621,Art I9,,2020-03-05 18:00:00,30,True,35,40,35
622,Art I10,,2020-03-12 18:00:00,30,True,35,182,35
623,Art I11,h@8OSUbb,2020-03-19 18:00:00,30,False,35,100,35
624,Art I12,+40*tEEs,2020-03-26 18:00:00,30,False,35,222,35
625,Art I13,$4Zg1dHp,2020-04-02 18:00:00,30,False,35,100,35
626,Art I14,$I+8SZju,2020-04-09 18:00:00,30,True,35,40,35
627,Art I15,,2020-04-16 18:00:00,30,True,35,222,35
628,Art I16,,2020-04-23 18:00:00,30,False,35,222,35
629,Art I17,(N2D7q8V,2020-04-30 18:00:00,30,False,35,40,35
630,Art I18,F(2PatUc,2020-05-07 18:00:00,30,False,35,182,35
631,Art I19,,2020-05-14 18:00:00,30,True,35,40,35
632,Art I20,,2020-05-21 18:00:00,30,True,35,100,35
633,Art I21,,2020-05-28 18:00:00,30,False,35,100,35
634,Art I22,(!qP2Iex,2020-06-04 18:00:00,30,True,35,222,35
635,Art I23,,2020-06-11 18:00:00,30,True,35,182,35
636,Art I24,,2020-06-18 18:00:00,30,False,35,182,35
637,Art I25,WJ#5Vd+w,2020-06-25 18:00:00,30,False,35,100,35
638,Statistics1,cG1#0Iqg,2020-01-08 08:00:00,30,True,36,228,36
639,Statistics2,O6*p_8Fv,2020-01-15 08:00:00,30,False,36,100,36
640,Statistics3,,2020-01-22 08:00:00,30,False,36,100,36
641,Statistics4,,2020-01-29 08:00:00,30,False,36,37,36
642,Statistics5,(4Uhnesm,2020-02-05 08:00:00,30,False,36,366,36
643,Statistics6,v!6PKt77,2020-02-12 08:00:00,30,False,36,366,36
644,Statistics7,#6A^Zmsb,2020-02-19 08:00:00,30,True,36,37,36
645,Statistics8,#l4iTtHu,2020-02-26 08:00:00,30,False,36,100,36
646,Statistics9,0^w#0uId,2020-03-04 08:00:00,30,True,36,366,36
647,Statistics10,$!V7T7Rc,2020-03-11 08:00:00,30,False,36,100,36
648,Statistics11,#kk845Pc,2020-03-18 08:00:00,30,True,36,100,36
649,Statistics12,!8E3QAej,2020-03-25 08:00:00,30,True,36,37,36
650,Theater1,,2020-04-07 15:00:00,60,False,37,347,37
651,Theater2,%5n3JsSk,2020-04-14 15:00:00,60,False,37,347,37
652,Theater3,7q*NA5Gu,2020-04-21 15:00:00,60,False,37,347,37
653,Theater4,5H_I0Xdi,2020-04-28 15:00:00,60,False,37,347,37
654,Theater5,#fA8OqlP,2020-05-05 15:00:00,60,False,37,347,37
655,Theater6,,2020-05-12 15:00:00,60,False,37,347,37
656,Theater7,q+01r&Fg,2020-05-19 15:00:00,60,True,37,347,37
657,Theater8,$0Ax%a&G,2020-05-26 15:00:00,60,True,37,347,37
658,Theater9,$%5_4VWp,2020-06-02 15:00:00,60,False,37,347,37
659,Theater10,d)_4Rh#X,2020-06-09 15:00:00,60,False,37,347,37
660,Theater11,,2020-06-16 15:00:00,60,False,37,347,37
661,Theater12,E%f36NGt,2020-06-23 15:00:00,60,False,37,347,37
662,Programming1,+S8p2G^y,2020-01-08 12:00:00,30,False,38,486,38
663,Programming2,,2020-01-15 12:00:00,30,True,38,486,38
664,Programming3,,2020-01-22 12:00:00,30,True,38,486,38
665,Programming4,Ly@51YrB,2020-01-29 12:00:00,30,True,38,486,38
666,Programming5,,2020-02-05 12:00:00,30,True,38,486,38
667,Programming6,,2020-02-12 12:00:00,30,False,38,486,38
668,Programming7,i*9HlBsg,2020-02-19 12:00:00,30,True,38,486,38
669,Programming8,42_71PVv,2020-02-26 12:00:00,30,True,38,486,38
670,Programming9,)8FRUpxE,2020-03-04 12:00:00,30,True,38,486,38
671,Programming10,4)A94eEw,2020-03-11 12:00:00,30,False,38,486,38
672,Programming11,,2020-03-18 12:00:00,30,False,38,486,38
673,Programming12,,2020-03-25 12:00:00,30,False,38,486,38
674,German II1,+7I5Eww!,2020-10-08 15:00:00,60,True,39,228,39
675,German II2,,2020-10-15 15:00:00,60,False,39,228,39
676,German II3,+5B4Izp1,2020-10-22 15:00:00,60,True,39,486,39
677,German II4,@2O(w^Xy,2020-10-29 15:00:00,60,False,39,12,39
678,German II5,,2020-11-05 15:00:00,60,True,39,12,39
679,German II6,yL%9G1m(,2020-11-12 15:00:00,60,True,39,12,39
680,German II7,go&(0MjU,2020-11-19 15:00:00,60,True,39,228,39
681,German II8,,2020-11-26 15:00:00,60,False,39,261,39
682,German II9,)Q2hRn9&,2020-12-03 15:00:00,60,True,39,228,39
683,German II10,,2020-12-10 15:00:00,60,False,39,228,39
684,German II11,,2020-12-17 15:00:00,60,False,39,12,39
685,German II12,V^F0s5Gb,2020-12-24 15:00:00,60,True,39,12,39
686,Geology I1,,2020-10-06 10:00:00,120,True,40,32,40
687,Geology I2,0^4gP4ox,2020-10-13 10:00:00,120,True,40,32,40
688,Geology I3,,2020-10-20 10:00:00,120,True,40,32,40
689,Geology I4,!@O8AfaX,2020-10-27 10:00:00,120,False,40,486,40
690,Geology I5,,2020-11-03 10:00:00,120,False,40,486,40
691,Geology I6,!Hl1IeQ),2020-11-10 10:00:00,120,True,40,486,40
692,Geology I7,,2020-11-17 10:00:00,120,False,40,486,40
693,Geology I8,H)6YJQa8,2020-11-24 10:00:00,120,False,40,32,40
694,Geology I9,,2020-12-01 10:00:00,120,True,40,486,40
695,Geology I10,^2W#egx),2020-12-08 10:00:00,120,True,40,486,40
696,Geology I11,FW&4K$c!,2020-12-15 10:00:00,120,True,40,32,40
697,Geology I12,F)vp3Voz,2020-12-22 10:00:00,120,False,40,486,40
698,Literature 1011,s@1CXzQX,2020-10-06 14:00:00,60,True,41,422,41
699,Literature 1012,xz81(9Ml,2020-10-13 14:00:00,60,True,41,82,41
700,Literature 1013,,2020-10-20 14:00:00,60,False,41,426,41
701,Literature 1014,,2020-10-27 14:00:00,60,True,41,54,41
702,Literature 1015,,2020-11-03 14:00:00,60,False,41,54,41
703,Literature 1016,,2020-11-10 14:00:00,60,True,41,54,41
704,Literature 1017,f#K8RhCe,2020-11-17 14:00:00,60,False,41,54,41
705,Literature 1018,N_46ExDS,2020-11-24 14:00:00,60,False,41,82,41
706,Literature 1019,,2020-12-01 14:00:00,60,False,41,82,41
707,Literature 10110,,2020-12-08 14:00:00,60,True,41,426,41
708,Literature 10111,+hi49Xx5,2020-12-15 14:00:00,60,False,41,82,41
709,Literature 10112,4c#8I*Dq,2020-12-22 14:00:00,60,False,41,82,41
710,Algebra I1,1^#0qfEq,2020-01-09 16:00:00,30,True,42,368,42
711,Algebra I2,R^20LaGj,2020-01-16 16:00:00,30,False,42,368,42
712,Algebra I3,,2020-01-23 16:00:00,30,True,42,368,42
713,Algebra I4,,2020-01-30 16:00:00,30,True,42,368,42
714,Algebra I5,,2020-02-06 16:00:00,30,True,42,368,42
715,Algebra I6,,2020-02-13 16:00:00,30,False,42,368,42
716,Algebra I7,,2020-02-20 16:00:00,30,False,42,368,42
717,Algebra I8,)8Z^rqfp,2020-02-27 16:00:00,30,True,42,368,42
718,Algebra I9,,2020-03-05 16:00:00,30,False,42,368,42
719,Algebra I10,&6$GXyfs,2020-03-12 16:00:00,30,True,42,368,42
720,Algebra I11,,2020-03-19 16:00:00,30,False,42,368,42
721,Algebra I12,,2020-03-26 16:00:00,30,True,42,368,42
722,Public Speaking1,#7O+ViPk,2020-07-08 15:00:00,120,False,43,267,43
723,Public Speaking2,,2020-07-15 15:00:00,120,True,43,37,43
724,Public Speaking3,f$h7Y#dU,2020-07-22 15:00:00,120,False,43,179,43
725,Public Speaking4,,2020-07-29 15:00:00,120,True,43,267,43
726,Public Speaking5,g9(w1QCx,2020-08-05 15:00:00,120,False,43,267,43
727,Public Speaking6,,2020-08-12 15:00:00,120,False,43,267,43
728,Public Speaking7,,2020-08-19 15:00:00,120,True,43,179,43
729,Public Speaking8,,2020-08-26 15:00:00,120,False,43,267,43
730,Public Speaking9,*9huC3Lw,2020-09-02 15:00:00,120,False,43,179,43
731,Public Speaking10,,2020-09-09 15:00:00,120,False,43,179,43
732,Public Speaking11,,2020-09-16 15:00:00,120,True,43,179,43
733,Public Speaking12,+PlJ3USu,2020-09-23 15:00:00,120,False,43,267,43
734,Geology II1,*h1Z#m4m,2020-07-06 10:00:00,90,False,44,366,44
735,Geology II2,,2020-07-13 10:00:00,90,False,44,449,44
736,Geology II3,,2020-07-20 10:00:00,90,True,44,366,44
737,Geology II4,,2020-07-27 10:00:00,90,False,44,449,44
738,Geology II5,,2020-08-03 10:00:00,90,False,44,366,44
739,Geology II6,(5LG_bg(,2020-08-10 10:00:00,90,True,44,449,44
740,Geology II7,,2020-08-17 10:00:00,90,False,44,449,44
741,Geology II8,)0Q3NuRw,2020-08-24 10:00:00,90,True,44,366,44
742,Geology II9,5+#0RWij,2020-08-31 10:00:00,90,True,44,449,44
743,Geology II10,_BG8Alpg,2020-09-07 10:00:00,90,True,44,366,44
744,Geology II11,,2020-09-14 10:00:00,90,False,44,366,44
745,Geology II12,,2020-09-21 10:00:00,90,False,44,449,44
746,Geology II13,,2020-09-28 10:00:00,90,True,44,449,44
747,Geology II14,o@VZ9Sgh,2020-10-05 10:00:00,90,True,44,449,44
748,Geology II15,$)OB4@Ee,2020-10-12 10:00:00,90,False,44,366,44
749,Geology II16,!#9FP_Eh,2020-10-19 10:00:00,90,False,44,366,44
750,Geology II17,,2020-10-26 10:00:00,90,True,44,449,44
751,Geology II18,@75!V8yT,2020-11-02 10:00:00,90,False,44,449,44
752,Geology II19,,2020-11-09 10:00:00,90,False,44,449,44
753,Geology II20,xh#8uUb6,2020-11-16 10:00:00,90,False,44,449,44
754,Geology II21,,2020-11-23 10:00:00,90,True,44,449,44
755,Geology II22,+_n(2SAd,2020-11-30 10:00:00,90,True,44,449,44
756,Geology II23,u+0rLx9t,2020-12-07 10:00:00,90,True,44,449,44
757,Geology II24,,2020-12-14 10:00:00,90,True,44,449,44
758,Geology II25,&nG4JIQk,2020-12-21 10:00:00,90,True,44,366,44
759,Computer Science 1021,,2020-04-08 18:00:00,60,True,45,59,45
760,Computer Science 1022,r%5oQiLu,2020-04-15 18:00:00,60,True,45,59,45
761,Computer Science 1023,zS&8_U5d,2020-04-22 18:00:00,60,False,45,59,45
762,Computer Science 1024,,2020-04-29 18:00:00,60,True,45,333,45
763,Computer Science 1025,,2020-05-06 18:00:00,60,True,45,59,45
764,Computer Science 1026,!A@1X8Az,2020-05-13 18:00:00,60,True,45,333,45
765,Computer Science 1027,(4%L6*Kx,2020-05-20 18:00:00,60,False,45,333,45
766,Computer Science 1028,@g3R4QcN,2020-05-27 18:00:00,60,True,45,333,45
767,Computer Science 1029,%$G7FslX,2020-06-03 18:00:00,60,False,45,59,45
768,Computer Science 10210,)N82zStx,2020-06-10 18:00:00,60,False,45,59,45
769,Computer Science 10211,,2020-06-17 18:00:00,60,True,45,333,45
770,Computer Science 10212,,2020-06-24 18:00:00,60,True,45,59,45
771,Communications 1021,,2020-01-09 11:00:00,90,False,46,100,46
772,Communications 1022,,2020-01-16 11:00:00,90,False,46,100,46
773,Communications 1023,v*Q4HQPz,2020-01-23 11:00:00,90,True,46,100,46
774,Communications 1024,,2020-01-30 11:00:00,90,True,46,100,46
775,Communications 1025,,2020-02-06 11:00:00,90,True,46,100,46
776,Communications 1026,@+7n62Xx,2020-02-13 11:00:00,90,True,46,100,46
777,Communications 1027,,2020-02-20 11:00:00,90,True,46,100,46
778,Communications 1028,#a4R(fWV,2020-02-27 11:00:00,90,True,46,100,46
779,Communications 1029,,2020-03-05 11:00:00,90,False,46,100,46
780,Communications 10210,,2020-03-12 11:00:00,90,True,46,100,46
781,Communications 10211,p!1K6ukc,2020-03-19 11:00:00,90,True,46,100,46
782,Communications 10212,Ow(5KGNr,2020-03-26 11:00:00,90,True,46,100,46
783,Anatomy I1,,2020-07-08 17:00:00,90,True,47,408,47
784,Anatomy I2,,2020-07-15 17:00:00,90,True,47,176,47
785,Anatomy I3,yne%9T%x,2020-07-22 17:00:00,90,True,47,408,47
786,Anatomy I4,,2020-07-29 17:00:00,90,True,47,94,47
787,Anatomy I5,,2020-08-05 17:00:00,90,True,47,408,47
788,Anatomy I6,,2020-08-12 17:00:00,90,True,47,470,47
789,Anatomy I7,,2020-08-19 17:00:00,90,True,47,470,47
790,Anatomy I8,^2xgcTxe,2020-08-26 17:00:00,90,True,47,470,47
791,Anatomy I9,n_7QaO8a,2020-09-02 17:00:00,90,False,47,408,47
792,Anatomy I10,,2020-09-09 17:00:00,90,False,47,408,47
793,Anatomy I11,(b16Y$(o,2020-09-16 17:00:00,90,True,47,408,47
794,Anatomy I12,,2020-09-23 17:00:00,90,False,47,176,47
795,Anatomy I13,cf)#1BIx,2020-09-30 17:00:00,90,False,47,176,47
796,Anatomy I14,,2020-10-07 17:00:00,90,True,47,408,47
797,Anatomy I15,,2020-10-14 17:00:00,90,True,47,94,47
798,Anatomy I16,^1S2vKvY,2020-10-21 17:00:00,90,False,47,94,47
799,Anatomy I17,#6V02cwL,2020-10-28 17:00:00,90,False,47,408,47
800,Anatomy I18,,2020-11-04 17:00:00,90,True,47,470,47
801,Anatomy I19,,2020-11-11 17:00:00,90,True,47,94,47
802,Anatomy I20,,2020-11-18 17:00:00,90,False,47,176,47
803,Anatomy I21,+!R43VId,2020-11-25 17:00:00,90,True,47,94,47
804,Anatomy I22,,2020-12-02 17:00:00,90,True,47,94,47
805,Anatomy I23,A&5INgrk,2020-12-09 17:00:00,90,True,47,408,47
806,Anatomy I24,,2020-12-16 17:00:00,90,False,47,408,47
807,Anatomy I25,,2020-12-23 17:00:00,90,False,47,408,47
808,Robotics1,,2020-10-09 10:00:00,120,True,48,374,48
809,Robotics2,,2020-10-16 10:00:00,120,True,48,374,48
810,Robotics3,,2020-10-23 10:00:00,120,True,48,374,48
811,Robotics4,0x@s9BWs,2020-10-30 10:00:00,120,False,48,374,48
812,Robotics5,,2020-11-06 10:00:00,120,False,48,374,48
813,Robotics6,^MF4Yauj,2020-11-13 10:00:00,120,False,48,374,48
814,Robotics7,*3&38Tao,2020-11-20 10:00:00,120,True,48,374,48
815,Robotics8,,2020-11-27 10:00:00,120,True,48,374,48
816,Robotics9,,2020-12-04 10:00:00,120,True,48,374,48
817,Robotics10,&49RQiu),2020-12-11 10:00:00,120,False,48,374,48
818,Robotics11,+uS7Y@@a,2020-12-18 10:00:00,120,True,48,374,48
819,Literature 1021,,2020-07-08 17:00:00,30,False,49,347,49
820,Literature 1022,,2020-07-15 17:00:00,30,False,49,422,49
821,Literature 1023,D+mS8U3y,2020-07-22 17:00:00,30,True,49,347,49
822,Literature 1024,,2020-07-29 17:00:00,30,True,49,447,49
823,Literature 1025,!Q6o6(Jh,2020-08-05 17:00:00,30,True,49,347,49
824,Literature 1026,m#4KWGva,2020-08-12 17:00:00,30,False,49,347,49
825,Literature 1027,,2020-08-19 17:00:00,30,True,49,347,49
826,Literature 1028,,2020-08-26 17:00:00,30,True,49,347,49
827,Literature 1029,,2020-09-02 17:00:00,30,False,49,422,49
828,Literature 10210,,2020-09-09 17:00:00,30,True,49,223,49
829,Literature 10211,,2020-09-16 17:00:00,30,True,49,422,49
830,Literature 10212,M(45Chfp,2020-09-23 17:00:00,30,True,49,223,49
831,Literature 10213,_0Ug@oOn,2020-09-30 17:00:00,30,True,49,223,49
832,Literature 10214,@H2dIAd9,2020-10-07 17:00:00,30,True,49,347,49
833,Literature 10215,&*C2Lwm_,2020-10-14 17:00:00,30,True,49,223,49
834,Literature 10216,,2020-10-21 17:00:00,30,True,49,422,49
835,Literature 10217,%808YSIv,2020-10-28 17:00:00,30,True,49,347,49
836,Literature 10218,,2020-11-04 17:00:00,30,True,49,347,49
837,Literature 10219,,2020-11-11 17:00:00,30,False,49,223,49
838,Literature 10220,(R(x2gTx,2020-11-18 17:00:00,30,True,49,347,49
839,Literature 10221,#Jx2M*Sf,2020-11-25 17:00:00,30,False,49,422,49
840,Literature 10222,5v#B4NfL,2020-12-02 17:00:00,30,True,49,347,49
841,Literature 10223,nG&I1X)i,2020-12-09 17:00:00,30,False,49,422,49
842,Literature 10224,aw*0dDnf,2020-12-16 17:00:00,30,True,49,447,49
843,Literature 10225,,2020-12-23 17:00:00,30,True,49,223,49
844,English 1011,)U%5&Gh1,2020-01-07 10:00:00,90,True,50,267,50
845,English 1012,U_6iKs59,2020-01-14 10:00:00,90,False,50,267,50
846,English 1013,(d5G9Uhv,2020-01-21 10:00:00,90,True,50,267,50
847,English 1014,,2020-01-28 10:00:00,90,False,50,300,50
848,English 1015,*1jGoUUe,2020-02-04 10:00:00,90,False,50,300,50
849,English 1016,,2020-02-11 10:00:00,90,False,50,267,50
850,English 1017,0#37Xoni,2020-02-18 10:00:00,90,False,50,300,50
851,English 1018,,2020-02-25 10:00:00,90,False,50,267,50
852,English 1019,(8IJRmVR,2020-03-03 10:00:00,90,True,50,267,50
853,English 10110,(3(%CPd5,2020-03-10 10:00:00,90,False,50,267,50
854,English 10111,_7w(U1rC,2020-03-17 10:00:00,90,True,50,300,50
855,English 10112,%%8M+4*r,2020-03-24 10:00:00,90,False,50,267,50
856,English 10113,@6QtoUar,2020-03-31 10:00:00,90,False,50,267,50
857,English 10114,i!TQ0WEu,2020-04-07 10:00:00,90,True,50,267,50
858,English 10115,(Dv9NDvd,2020-04-14 10:00:00,90,False,50,300,50
859,English 10116,,2020-04-21 10:00:00,90,False,50,267,50
860,English 10117,,2020-04-28 10:00:00,90,True,50,300,50
861,English 10118,)4SGlbNc,2020-05-05 10:00:00,90,False,50,300,50
862,English 10119,J&w5#GGf,2020-05-12 10:00:00,90,True,50,267,50
863,English 10120,)O9hUpM4,2020-05-19 10:00:00,90,True,50,300,50
864,English 10121,,2020-05-26 10:00:00,90,True,50,300,50
865,English 10122,,2020-06-02 10:00:00,90,False,50,267,50
866,English 10123,,2020-06-09 10:00:00,90,True,50,267,50
867,English 10124,+S9tnIk#,2020-06-16 10:00:00,90,False,50,267,50
868,English 10125,,2020-06-23 10:00:00,90,True,50,300,50
869,Chinese II1,,2020-07-07 08:00:00,30,True,51,80,51
870,Chinese II2,,2020-07-14 08:00:00,30,True,51,80,51
871,Chinese II3,,2020-07-21 08:00:00,30,False,51,80,51
872,Chinese II4,M#7Had+C,2020-07-28 08:00:00,30,False,51,267,51
873,Chinese II5,&@6J(X5e,2020-08-04 08:00:00,30,False,51,59,51
874,Chinese II6,,2020-08-11 08:00:00,30,True,51,59,51
875,Chinese II7,,2020-08-18 08:00:00,30,True,51,80,51
876,Chinese II8,,2020-08-25 08:00:00,30,False,51,80,51
877,Chinese II9,+b3EY_i#,2020-09-01 08:00:00,30,True,51,59,51
878,Chinese II10,,2020-09-08 08:00:00,30,False,51,59,51
879,Chinese II11,7+1XT2Dd,2020-09-15 08:00:00,30,True,51,80,51
880,Chinese II12,,2020-09-22 08:00:00,30,True,51,267,51
881,Chinese II13,tX+03Vhu,2020-09-29 08:00:00,30,False,51,267,51
882,Chinese II14,%D9WC(Gt,2020-10-06 08:00:00,30,False,51,267,51
883,Chinese II15,,2020-10-13 08:00:00,30,True,51,267,51
884,Chinese II16,,2020-10-20 08:00:00,30,False,51,267,51
885,Chinese II17,Oh_5Q)Qc,2020-10-27 08:00:00,30,True,51,80,51
886,Chinese II18,,2020-11-03 08:00:00,30,False,51,59,51
887,Chinese II19,,2020-11-10 08:00:00,30,True,51,267,51
888,Chinese II20,P!0$7mPw,2020-11-17 08:00:00,30,True,51,80,51
889,Chinese II21,$s1M(cKy,2020-11-24 08:00:00,30,True,51,267,51
890,Chinese II22,c)7RQkwY,2020-12-01 08:00:00,30,True,51,80,51
891,Chinese II23,,2020-12-08 08:00:00,30,True,51,59,51
892,Chinese II24,am@0Rtzu,2020-12-15 08:00:00,30,True,51,80,51
893,Chinese II25,&@mD%2Id,2020-12-22 08:00:00,30,True,51,80,51
894,Aerodynamics1,,2020-04-07 15:00:00,90,True,52,420,52
895,Aerodynamics2,,2020-04-14 15:00:00,90,True,52,420,52
896,Aerodynamics3,3)5QD^Ir,2020-04-21 15:00:00,90,False,52,420,52
897,Aerodynamics4,,2020-04-28 15:00:00,90,True,52,420,52
898,Aerodynamics5,#4XkHs#6,2020-05-05 15:00:00,90,True,52,420,52
899,Aerodynamics6,^m%5tRu_,2020-05-12 15:00:00,90,True,52,420,52
900,Aerodynamics7,,2020-05-19 15:00:00,90,False,52,420,52
901,Aerodynamics8,&*B6uLAf,2020-05-26 15:00:00,90,False,52,420,52
902,Aerodynamics9,7&s8#4My,2020-06-02 15:00:00,90,False,52,420,52
903,Aerodynamics10,#V60hMZc,2020-06-09 15:00:00,90,False,52,420,52
904,Aerodynamics11,JP%1Qewk,2020-06-16 15:00:00,90,False,52,420,52
905,Aerodynamics12,z!5AEdV1,2020-06-23 15:00:00,90,True,52,420,52
906,Thermodynamics1,,2020-01-08 17:00:00,120,True,53,334,53
907,Thermodynamics2,$6rCWDb(,2020-01-15 17:00:00,120,False,53,334,53
908,Thermodynamics3,,2020-01-22 17:00:00,120,True,53,334,53
909,Thermodynamics4,,2020-01-29 17:00:00,120,True,53,334,53
910,Thermodynamics5,ef)Io2Ld,2020-02-05 17:00:00,120,True,53,334,53
911,Thermodynamics6,,2020-02-12 17:00:00,120,True,53,334,53
912,Thermodynamics7,%+oO0Ky4,2020-02-19 17:00:00,120,False,53,334,53
913,Thermodynamics8,,2020-02-26 17:00:00,120,False,53,334,53
914,Thermodynamics9,,2020-03-04 17:00:00,120,False,53,334,53
915,Thermodynamics10,,2020-03-11 17:00:00,120,False,53,334,53
916,Thermodynamics11,,2020-03-18 17:00:00,120,False,53,334,53
917,Thermodynamics12,,2020-03-25 17:00:00,120,True,53,334,53
918,Medicine1,,2020-04-06 16:00:00,30,True,54,486,54
919,Medicine2,,2020-04-13 16:00:00,30,True,54,486,54
920,Medicine3,,2020-04-20 16:00:00,30,False,54,486,54
921,Medicine4,,2020-04-27 16:00:00,30,True,54,486,54
922,Medicine5,#o9AcXIc,2020-05-04 16:00:00,30,False,54,94,54
923,Medicine6,C2)3coZk,2020-05-11 16:00:00,30,True,54,486,54
924,Medicine7,TK6_5Nck,2020-05-18 16:00:00,30,True,54,94,54
925,Medicine8,K%0jVegR,2020-05-25 16:00:00,30,True,54,486,54
926,Medicine9,#G25vQcd,2020-06-01 16:00:00,30,True,54,94,54
927,Medicine10,Wm%7GUBv,2020-06-08 16:00:00,30,False,54,486,54
928,Medicine11,,2020-06-15 16:00:00,30,False,54,94,54
929,Medicine12,,2020-06-22 16:00:00,30,False,54,486,54
930,Algebra II1,+g6Dk999,2020-10-07 18:00:00,30,False,55,440,55
931,Algebra II2,,2020-10-14 18:00:00,30,True,55,335,55
932,Algebra II3,,2020-10-21 18:00:00,30,True,55,335,55
933,Algebra II4,,2020-10-28 18:00:00,30,True,55,335,55
934,Algebra II5,,2020-11-04 18:00:00,30,False,55,376,55
935,Algebra II6,kH%cR6Ck,2020-11-11 18:00:00,30,False,55,335,55
936,Algebra II7,_9tNKrqF,2020-11-18 18:00:00,30,True,55,376,55
937,Algebra II8,NEys)0Yz,2020-11-25 18:00:00,30,False,55,335,55
938,Algebra II9,,2020-12-02 18:00:00,30,True,55,335,55
939,Algebra II10,,2020-12-09 18:00:00,30,True,55,440,55
940,Algebra II11,,2020-12-16 18:00:00,30,True,55,180,55
941,Algebra II12,^_5ODbdg,2020-12-23 18:00:00,30,True,55,376,55
942,World History II1,*d4Dbr4s,2020-01-10 10:00:00,30,False,56,469,56
943,World History II2,!%(7xCz@,2020-01-17 10:00:00,30,False,56,469,56
944,World History II3,r$9LVSq_,2020-01-24 10:00:00,30,True,56,469,56
945,World History II4,,2020-01-31 10:00:00,30,True,56,469,56
946,World History II5,,2020-02-07 10:00:00,30,True,56,469,56
947,World History II6,(4wDSlHk,2020-02-14 10:00:00,30,False,56,469,56
948,World History II7,Idk_E5Zj,2020-02-21 10:00:00,30,True,56,469,56
949,World History II8,,2020-02-28 10:00:00,30,False,56,469,56
950,World History II9,,2020-03-06 10:00:00,30,True,56,469,56
951,World History II10,,2020-03-13 10:00:00,30,False,56,469,56
952,World History II11,,2020-03-20 10:00:00,30,True,56,469,56
953,Calculus II1,,2020-01-10 16:00:00,60,False,57,120,57
954,Calculus II2,$nxQ7X%c,2020-01-17 16:00:00,60,False,57,333,57
955,Calculus II3,,2020-01-24 16:00:00,60,False,57,333,57
956,Calculus II4,)x6S2WbY,2020-01-31 16:00:00,60,False,57,120,57
957,Calculus II5,,2020-02-07 16:00:00,60,False,57,117,57
958,Calculus II6,^(W1EpKb,2020-02-14 16:00:00,60,True,57,333,57
959,Calculus II7,,2020-02-21 16:00:00,60,False,57,333,57
960,Calculus II8,P5*8&9Gs,2020-02-28 16:00:00,60,False,57,120,57
961,Calculus II9,!7!79HnM,2020-03-06 16:00:00,60,True,57,117,57
962,Calculus II10,,2020-03-13 16:00:00,60,False,57,120,57
963,Calculus II11,R@82KK%l,2020-03-20 16:00:00,60,True,57,347,57
964,Engineering 1031,,2020-01-10 08:00:00,120,True,58,226,58
965,Engineering 1032,,2020-01-17 08:00:00,120,True,58,226,58
966,Engineering 1033,C)1XpTvv,2020-01-24 08:00:00,120,True,58,226,58
967,Engineering 1034,,2020-01-31 08:00:00,120,True,58,226,58
968,Engineering 1035,@0URMd&!,2020-02-07 08:00:00,120,False,58,10,58
969,Engineering 1036,,2020-02-14 08:00:00,120,True,58,226,58
970,Engineering 1037,,2020-02-21 08:00:00,120,True,58,10,58
971,Engineering 1038,,2020-02-28 08:00:00,120,False,58,226,58
972,Engineering 1039,,2020-03-06 08:00:00,120,True,58,226,58
973,Engineering 10310,%83mWB1r,2020-03-13 08:00:00,120,False,58,226,58
974,Engineering 10311,R^5W#_Ta,2020-03-20 08:00:00,120,False,58,10,58
975,Engineering 10312,!Gl*x2Cp,2020-03-27 08:00:00,120,True,58,73,58
976,Engineering 10313,#7n9MXqH,2020-04-03 08:00:00,120,True,58,226,58
977,Engineering 10314,,2020-04-10 08:00:00,120,True,58,226,58
978,Engineering 10315,79_1Y*(r,2020-04-17 08:00:00,120,True,58,10,58
979,Engineering 10316,^K+!6Tte,2020-04-24 08:00:00,120,True,58,73,58
980,Engineering 10317,,2020-05-01 08:00:00,120,True,58,226,58
981,Engineering 10318,,2020-05-08 08:00:00,120,True,58,10,58
982,Engineering 10319,,2020-05-15 08:00:00,120,False,58,10,58
983,Engineering 10320,,2020-05-22 08:00:00,120,False,58,226,58
984,Engineering 10321,MA!K+3Zd,2020-05-29 08:00:00,120,False,58,10,58
985,Engineering 10322,,2020-06-05 08:00:00,120,False,58,73,58
986,Engineering 10323,,2020-06-12 08:00:00,120,False,58,73,58
987,Engineering 10324,_3@su5Kq,2020-06-19 08:00:00,120,False,58,226,58
988,Cinema1,,2020-10-09 15:00:00,120,True,59,334,59
989,Cinema2,,2020-10-16 15:00:00,120,False,59,334,59
990,Cinema3,z&cu5FpW,2020-10-23 15:00:00,120,False,59,228,59
991,Cinema4,,2020-10-30 15:00:00,120,False,59,228,59
992,Cinema5,*+6O#U5k,2020-11-06 15:00:00,120,False,59,228,59
993,Cinema6,Y$4XzPbL,2020-11-13 15:00:00,120,False,59,334,59
994,Cinema7,@8X+r_Ly,2020-11-20 15:00:00,120,False,59,228,59
995,Cinema8,V$1kZfDP,2020-11-27 15:00:00,120,False,59,228,59
996,Cinema9,X4@57Akn,2020-12-04 15:00:00,120,True,59,334,59
997,Cinema10,S*16F(!u,2020-12-11 15:00:00,120,True,59,228,59
998,Cinema11,,2020-12-18 15:00:00,120,True,59,228,59
999,Advanced French1,63*7LaNo,2020-04-08 09:00:00,120,False,60,22,60
1000,Advanced French2,&T&u9YCw,2020-04-15 09:00:00,120,False,60,22,60
1001,Advanced French3,,2020-04-22 09:00:00,120,True,60,189,60
1002,Advanced French4,m++54JAc,2020-04-29 09:00:00,120,True,60,22,60
1003,Advanced French5,y8$&y3Hs,2020-05-06 09:00:00,120,False,60,189,60
1004,Advanced French6,2&uD5YDh,2020-05-13 09:00:00,120,True,60,189,60
1005,Advanced French7,,2020-05-20 09:00:00,120,True,60,22,60
1006,Advanced French8,jz$7JmhX,2020-05-27 09:00:00,120,True,60,22,60
1007,Advanced French9,i&5O+n%q,2020-06-03 09:00:00,120,False,60,22,60
1008,Advanced French10,*s0YDbsw,2020-06-10 09:00:00,120,False,60,22,60
1009,Advanced French11,Yc%9M6ru,2020-06-17 09:00:00,120,False,60,189,60
1010,Advanced French12,(0I+8cIw,2020-06-24 09:00:00,120,False,60,22,60
1011,Macroeconomics1,,2020-01-10 08:00:00,120,False,61,268,61
1012,Macroeconomics2,@8lGViEq,2020-01-17 08:00:00,120,True,61,195,61
1013,Macroeconomics3,,2020-01-24 08:00:00,120,False,61,195,61
1014,Macroeconomics4,h(V1YKyj,2020-01-31 08:00:00,120,False,61,175,61
1015,Macroeconomics5,^5S3R$rP,2020-02-07 08:00:00,120,False,61,175,61
1016,Macroeconomics6,,2020-02-14 08:00:00,120,False,61,175,61
1017,Macroeconomics7,,2020-02-21 08:00:00,120,False,61,195,61
1018,Macroeconomics8,k!3R6)sj,2020-02-28 08:00:00,120,True,61,175,61
1019,Macroeconomics9,Y*42iYkB,2020-03-06 08:00:00,120,True,61,195,61
1020,Macroeconomics10,*S)^8Ab4,2020-03-13 08:00:00,120,True,61,195,61
1021,Macroeconomics11,,2020-03-20 08:00:00,120,False,61,195,61
1022,Macroeconomics12,_i3FKLFp,2020-03-27 08:00:00,120,True,61,268,61
1023,Macroeconomics13,,2020-04-03 08:00:00,120,True,61,195,61
1024,Macroeconomics14,,2020-04-10 08:00:00,120,False,61,268,61
1025,Macroeconomics15,,2020-04-17 08:00:00,120,False,61,195,61
1026,Macroeconomics16,s%9$J^qi,2020-04-24 08:00:00,120,True,61,268,61
1027,Macroeconomics17,,2020-05-01 08:00:00,120,True,61,195,61
1028,Macroeconomics18,,2020-05-08 08:00:00,120,False,61,175,61
1029,Macroeconomics19,,2020-05-15 08:00:00,120,True,61,175,61
1030,Macroeconomics20,)D)k5Jqr,2020-05-22 08:00:00,120,True,61,268,61
1031,Macroeconomics21,,2020-05-29 08:00:00,120,True,61,175,61
1032,Macroeconomics22,q@1MSjgw,2020-06-05 08:00:00,120,False,61,175,61
1033,Macroeconomics23,*z7ATsvb,2020-06-12 08:00:00,120,False,61,195,61
1034,Macroeconomics24,+%1qBz2j,2020-06-19 08:00:00,120,True,61,195,61
1035,Beyond Database Systems1,,2020-07-09 09:00:00,120,True,62,12,62
1036,Beyond Database Systems2,%4A%#f0&,2020-07-16 09:00:00,120,True,62,243,62
1037,Beyond Database Systems3,Hs^5NzCs,2020-07-23 09:00:00,120,True,62,243,62
1038,Beyond Database Systems4,$c4We*Ii,2020-07-30 09:00:00,120,True,62,12,62
1039,Beyond Database Systems5,z!8&bLrl,2020-08-06 09:00:00,120,False,62,243,62
1040,Beyond Database Systems6,$_4GfejC,2020-08-13 09:00:00,120,False,62,243,62
1041,Beyond Database Systems7,,2020-08-20 09:00:00,120,True,62,294,62
1042,Beyond Database Systems8,9ni(4VJl,2020-08-27 09:00:00,120,False,62,12,62
1043,Beyond Database Systems9,@*4VNu2b,2020-09-03 09:00:00,120,False,62,243,62
1044,Beyond Database Systems10,^47qiYs),2020-09-10 09:00:00,120,True,62,243,62
1045,Beyond Database Systems11,,2020-09-17 09:00:00,120,True,62,12,62
1046,Beyond Database Systems12,,2020-09-24 09:00:00,120,False,62,294,62
1047,Beyond Database Systems13,,2020-10-01 09:00:00,120,False,62,294,62
1048,Beyond Database Systems14,,2020-10-08 09:00:00,120,True,62,12,62
1049,Beyond Database Systems15,_0H@5B9k,2020-10-15 09:00:00,120,True,62,294,62
1050,Beyond Database Systems16,K_1!KRfE,2020-10-22 09:00:00,120,True,62,243,62
1051,Beyond Database Systems17,*6SO&7Bx,2020-10-29 09:00:00,120,False,62,12,62
1052,Beyond Database Systems18,_2WtFelk,2020-11-05 09:00:00,120,True,62,12,62
1053,Beyond Database Systems19,,2020-11-12 09:00:00,120,True,62,12,62
1054,Beyond Database Systems20,,2020-11-19 09:00:00,120,False,62,243,62
1055,Beyond Database Systems21,_7YoVmjh,2020-11-26 09:00:00,120,True,62,12,62
1056,Beyond Database Systems22,,2020-12-03 09:00:00,120,True,62,294,62
1057,Beyond Database Systems23,s&60Vfly,2020-12-10 09:00:00,120,True,62,294,62
1058,Beyond Database Systems24,4$&5NDpB,2020-12-17 09:00:00,120,False,62,12,62
1059,Beyond Database Systems25,(*y2YS4x,2020-12-24 09:00:00,120,False,62,243,62
1060,Machine Learning1,,2020-07-08 13:00:00,120,True,63,22,63
1061,Machine Learning2,,2020-07-15 13:00:00,120,False,63,22,63
1062,Machine Learning3,@3YFsa2Z,2020-07-22 13:00:00,120,False,63,22,63
1063,Machine Learning4,,2020-07-29 13:00:00,120,False,63,22,63
1064,Machine Learning5,+5ORxqy@,2020-08-05 13:00:00,120,False,63,176,63
1065,Machine Learning6,*5@Bujw3,2020-08-12 13:00:00,120,False,63,176,63
1066,Machine Learning7,p*Tq8C3z,2020-08-19 13:00:00,120,False,63,22,63
1067,Machine Learning8,O1%0BQtc,2020-08-26 13:00:00,120,False,63,176,63
1068,Machine Learning9,#K7FBxou,2020-09-02 13:00:00,120,True,63,22,63
1069,Machine Learning10,,2020-09-09 13:00:00,120,True,63,22,63
1070,Machine Learning11,,2020-09-16 13:00:00,120,True,63,176,63
1071,Machine Learning12,#6Y9tTdW,2020-09-23 13:00:00,120,True,63,22,63
1072,Machine Learning13,,2020-09-30 13:00:00,120,False,63,176,63
1073,Machine Learning14,,2020-10-07 13:00:00,120,False,63,22,63
1074,Machine Learning15,%0LEWNyH,2020-10-14 13:00:00,120,True,63,176,63
1075,Machine Learning16,vF8^9TvN,2020-10-21 13:00:00,120,True,63,176,63
1076,Machine Learning17,$)gi5Bzw,2020-10-28 13:00:00,120,True,63,176,63
1077,Machine Learning18,@2q&QbuL,2020-11-04 13:00:00,120,True,63,22,63
1078,Machine Learning19,,2020-11-11 13:00:00,120,False,63,176,63
1079,Machine Learning20,#!)1nZ_b,2020-11-18 13:00:00,120,True,63,22,63
1080,Machine Learning21,Z(4mG4Os,2020-11-25 13:00:00,120,True,63,22,63
1081,Machine Learning22,@0FQ2l^l,2020-12-02 13:00:00,120,True,63,176,63
1082,Machine Learning23,,2020-12-09 13:00:00,120,True,63,176,63
1083,Machine Learning24,!40tZXXy,2020-12-16 13:00:00,120,True,63,176,63
1084,Machine Learning25,,2020-12-23 13:00:00,120,True,63,22,63
1085,AI1,,2020-07-10 13:00:00,60,True,64,60,64
1086,AI2,!2+^4NBq,2020-07-17 13:00:00,60,True,64,426,64
1087,AI3,,2020-07-24 13:00:00,60,True,64,199,64
1088,AI4,,2020-07-31 13:00:00,60,False,64,199,64
1089,AI5,,2020-08-07 13:00:00,60,False,64,199,64
1090,AI6,,2020-08-14 13:00:00,60,True,64,60,64
1091,AI7,0#7L673z,2020-08-21 13:00:00,60,True,64,60,64
1092,AI8,5_2WhbNk,2020-08-28 13:00:00,60,False,64,60,64
1093,AI9,+201ZnZ(,2020-09-04 13:00:00,60,True,64,199,64
1094,AI10,,2020-09-11 13:00:00,60,True,64,365,64
1095,AI11,,2020-09-18 13:00:00,60,True,64,60,64
1096,Compiler Construction1,,2020-10-07 08:00:00,30,False,65,474,65
1097,Compiler Construction2,,2020-10-14 08:00:00,30,False,65,474,65
1098,Compiler Construction3,,2020-10-21 08:00:00,30,True,65,474,65
1099,Compiler Construction4,+$74_Kfw,2020-10-28 08:00:00,30,True,65,474,65
1100,Compiler Construction5,)N9ZjsWk,2020-11-04 08:00:00,30,True,65,474,65
1101,Compiler Construction6,,2020-11-11 08:00:00,30,False,65,474,65
1102,Compiler Construction7,,2020-11-18 08:00:00,30,False,65,474,65
1103,Compiler Construction8,d^_7ZcAr,2020-11-25 08:00:00,30,True,65,474,65
1104,Compiler Construction9,@%LM1lRz,2020-12-02 08:00:00,30,True,65,474,65
1105,Compiler Construction10,,2020-12-09 08:00:00,30,True,65,474,65
1106,Compiler Construction11,&5T*_Kr$,2020-12-16 08:00:00,30,True,65,474,65
1107,Compiler Construction12,P*0%WG8g,2020-12-23 08:00:00,30,True,65,474,65
1108,French II1,9*+3NlAz,2020-10-09 13:00:00,120,False,66,243,66
1109,French II2,,2020-10-16 13:00:00,120,True,66,8,66
1110,French II3,2$6%D#Vq,2020-10-23 13:00:00,120,False,66,8,66
1111,French II4,,2020-10-30 13:00:00,120,False,66,234,66
1112,French II5,%I0cpUtw,2020-11-06 13:00:00,120,True,66,234,66
1113,French II6,*5UV&bzz,2020-11-13 13:00:00,120,True,66,243,66
1114,French II7,,2020-11-20 13:00:00,120,False,66,365,66
1115,French II8,,2020-11-27 13:00:00,120,False,66,8,66
1116,French II9,,2020-12-04 13:00:00,120,True,66,234,66
1117,French II10,(7b%QjNo,2020-12-11 13:00:00,120,False,66,8,66
1118,French II11,,2020-12-18 13:00:00,120,False,66,234,66
1119,American History1,@2WzT*HM,2020-01-06 13:00:00,30,False,67,120,67
1120,American History2,!9aMn1Vy,2020-01-13 13:00:00,30,True,67,120,67
1121,American History3,,2020-01-20 13:00:00,30,True,67,120,67
1122,American History4,(866HAeV,2020-01-27 13:00:00,30,False,67,120,67
1123,American History5,,2020-02-03 13:00:00,30,True,67,120,67
1124,American History6,ma&1KhwE,2020-02-10 13:00:00,30,True,67,120,67
1125,American History7,,2020-02-17 13:00:00,30,False,67,120,67
1126,American History8,_S8JqR7l,2020-02-24 13:00:00,30,True,67,120,67
1127,American History9,,2020-03-02 13:00:00,30,True,67,120,67
1128,American History10,*6k^N1Jb,2020-03-09 13:00:00,30,False,67,120,67
1129,American History11,7OC&5D#a,2020-03-16 13:00:00,30,False,67,120,67
1130,American History12,!79zVBLq,2020-03-23 13:00:00,30,True,67,120,67
1131,American History13,7_89MDsv,2020-03-30 13:00:00,30,False,67,120,67
1132,American History14,,2020-04-06 13:00:00,30,True,67,120,67
1133,American History15,,2020-04-13 13:00:00,30,True,67,120,67
1134,American History16,,2020-04-20 13:00:00,30,True,67,120,67
1135,American History17,,2020-04-27 13:00:00,30,True,67,120,67
1136,American History18,,2020-05-04 13:00:00,30,False,67,120,67
1137,American History19,I^1UGyi*,2020-05-11 13:00:00,30,True,67,120,67
1138,American History20,,2020-05-18 13:00:00,30,True,67,120,67
1139,American History21,4)0Vk6Ab,2020-05-25 13:00:00,30,False,67,120,67
1140,American History22,,2020-06-01 13:00:00,30,False,67,120,67
1141,American History23,,2020-06-08 13:00:00,30,True,67,120,67
1142,American History24,,2020-06-15 13:00:00,30,False,67,120,67
1143,American History25,,2020-06-22 13:00:00,30,False,67,120,67
1144,Computer Science 1011,@$3J*r+y,2020-01-09 11:00:00,120,False,68,331,68
1145,Computer Science 1012,%m7vXsdU,2020-01-16 11:00:00,120,False,68,492,68
1146,Computer Science 1013,,2020-01-23 11:00:00,120,True,68,433,68
1147,Computer Science 1014,@b9P2x@e,2020-01-30 11:00:00,120,True,68,433,68
1148,Computer Science 1015,,2020-02-06 11:00:00,120,False,68,433,68
1149,Computer Science 1016,,2020-02-13 11:00:00,120,True,68,331,68
1150,Computer Science 1017,,2020-02-20 11:00:00,120,False,68,492,68
1151,Computer Science 1018,X)fB7G%j,2020-02-27 11:00:00,120,True,68,331,68
1152,Computer Science 1019,%4NmnAj8,2020-03-05 11:00:00,120,True,68,331,68
1153,Computer Science 10110,p^9Z4upH,2020-03-12 11:00:00,120,True,68,433,68
1154,Computer Science 10111,+z5TFk!%,2020-03-19 11:00:00,120,False,68,433,68
1155,Computer Science 10112,x)$4Wj$0,2020-03-26 11:00:00,120,True,68,492,68
1156,Geography I1,Z$l6cUh_,2020-07-06 17:00:00,120,False,69,46,69
1157,Geography I2,,2020-07-13 17:00:00,120,False,69,46,69
1158,Geography I3,(@09Elze,2020-07-20 17:00:00,120,True,69,46,69
1159,Geography I4,,2020-07-27 17:00:00,120,False,69,46,69
1160,Geography I5,F^Q1OxGj,2020-08-03 17:00:00,120,True,69,46,69
1161,Geography I6,5_1iSSCd,2020-08-10 17:00:00,120,True,69,46,69
1162,Geography I7,,2020-08-17 17:00:00,120,True,69,46,69
1163,Geography I8,,2020-08-24 17:00:00,120,False,69,46,69
1164,Geography I9,BF&w1oWq,2020-08-31 17:00:00,120,True,69,46,69
1165,Geography I10,&&T8sQEg,2020-09-07 17:00:00,120,False,69,46,69
1166,Geography I11,yeCv$3Kr,2020-09-14 17:00:00,120,False,69,46,69
1167,Geography I12,#7WvFGos,2020-09-21 17:00:00,120,True,69,46,69
1168,Geography I13,,2020-09-28 17:00:00,120,True,69,46,69
1169,Geography I14,,2020-10-05 17:00:00,120,True,69,46,69
1170,Geography I15,&r@9LsAb,2020-10-12 17:00:00,120,False,69,46,69
1171,Geography I16,,2020-10-19 17:00:00,120,True,69,46,69
1172,Geography I17,,2020-10-26 17:00:00,120,False,69,46,69
1173,Geography I18,,2020-11-02 17:00:00,120,True,69,46,69
1174,Geography I19,(4XF6pyV,2020-11-09 17:00:00,120,True,69,46,69
1175,Geography I20,F(IFz3Bf,2020-11-16 17:00:00,120,True,69,46,69
1176,Geography I21,^_51fKxy,2020-11-23 17:00:00,120,False,69,46,69
1177,Geography I22,)39bTbE&,2020-11-30 17:00:00,120,False,69,46,69
1178,Geography I23,,2020-12-07 17:00:00,120,False,69,46,69
1179,Geography I24,H+4!VCco,2020-12-14 17:00:00,120,False,69,46,69
1180,Geography I25,*7G7yzu4,2020-12-21 17:00:00,120,True,69,46,69
1181,Religion I1,*1(_&DFh,2020-10-06 17:00:00,90,False,70,426,70
1182,Religion I2,,2020-10-13 17:00:00,90,False,70,150,70
1183,Religion I3,,2020-10-20 17:00:00,90,True,70,426,70
1184,Religion I4,q#9Z9rhW,2020-10-27 17:00:00,90,False,70,426,70
1185,Religion I5,_0+S0^Ea,2020-11-03 17:00:00,90,False,70,426,70
1186,Religion I6,$a6QSrBt,2020-11-10 17:00:00,90,True,70,426,70
1187,Religion I7,)8Q!nzrY,2020-11-17 17:00:00,90,True,70,150,70
1188,Religion I8,,2020-11-24 17:00:00,90,False,70,426,70
1189,Religion I9,@vbK97Qd,2020-12-01 17:00:00,90,True,70,426,70
1190,Religion I10,,2020-12-08 17:00:00,90,True,70,426,70
1191,Religion I11,,2020-12-15 17:00:00,90,True,70,426,70
1192,Religion I12,,2020-12-22 17:00:00,90,False,70,150,70
1193,Civilization1,,2020-01-09 15:00:00,30,False,71,209,71
1194,Civilization2,,2020-01-16 15:00:00,30,True,71,209,71
1195,Civilization3,,2020-01-23 15:00:00,30,True,71,209,71
1196,Civilization4,,2020-01-30 15:00:00,30,False,71,209,71
1197,Civilization5,W+1LrgNy,2020-02-06 15:00:00,30,False,71,209,71
1198,Civilization6,,2020-02-13 15:00:00,30,False,71,209,71
1199,Civilization7,(R7XNZ&d,2020-02-20 15:00:00,30,True,71,209,71
1200,Civilization8,,2020-02-27 15:00:00,30,False,71,209,71
1201,Civilization9,P$0OSy8W,2020-03-05 15:00:00,30,True,71,209,71
1202,Civilization10,,2020-03-12 15:00:00,30,True,71,209,71
1203,Civilization11,(3JGVnFa,2020-03-19 15:00:00,30,False,71,209,71
1204,Civilization12,(5xxO1fu,2020-03-26 15:00:00,30,True,71,209,71
1205,Civilization13,,2020-04-02 15:00:00,30,True,71,209,71
1206,Civilization14,,2020-04-09 15:00:00,30,False,71,209,71
1207,Civilization15,T+M%9IXg,2020-04-16 15:00:00,30,False,71,209,71
1208,Civilization16,,2020-04-23 15:00:00,30,True,71,209,71
1209,Civilization17,,2020-04-30 15:00:00,30,False,71,209,71
1210,Civilization18,,2020-05-07 15:00:00,30,False,71,209,71
1211,Civilization19,,2020-05-14 15:00:00,30,False,71,209,71
1212,Civilization20,%Ye$3X1e,2020-05-21 15:00:00,30,False,71,209,71
1213,Civilization21,*m9V#fJK,2020-05-28 15:00:00,30,False,71,209,71
1214,Civilization22,,2020-06-04 15:00:00,30,True,71,209,71
1215,Civilization23,,2020-06-11 15:00:00,30,False,71,209,71
1216,Civilization24,^0tHoM+z,2020-06-18 15:00:00,30,False,71,209,71
1217,Civilization25,Yf%8L6Ov,2020-06-25 15:00:00,30,False,71,209,71
1218,Materials1,,2020-04-07 09:00:00,90,False,72,8,72
1219,Materials2,#9&De!ie,2020-04-14 09:00:00,90,True,72,8,72
1220,Materials3,,2020-04-21 09:00:00,90,True,72,8,72
1221,Materials4,,2020-04-28 09:00:00,90,True,72,8,72
1222,Materials5,,2020-05-05 09:00:00,90,False,72,8,72
1223,Materials6,,2020-05-12 09:00:00,90,True,72,8,72
1224,Materials7,,2020-05-19 09:00:00,90,False,72,8,72
1225,Materials8,%4TFuu&f,2020-05-26 09:00:00,90,True,72,8,72
1226,Materials9,R$9E57Gs,2020-06-02 09:00:00,90,True,72,8,72
1227,Materials10,,2020-06-09 09:00:00,90,True,72,8,72
1228,Materials11,,2020-06-16 09:00:00,90,True,72,8,72
1229,Materials12,,2020-06-23 09:00:00,90,True,72,8,72
1230,Neural Networks1,,2020-01-10 14:00:00,120,False,73,329,73
1231,Neural Networks2,sD+7A&Ls,2020-01-17 14:00:00,120,False,73,329,73
1232,Neural Networks3,c#8RSDzd,2020-01-24 14:00:00,120,False,73,329,73
1233,Neural Networks4,!02V$N8r,2020-01-31 14:00:00,120,True,73,361,73
1234,Neural Networks5,,2020-02-07 14:00:00,120,True,73,329,73
1235,Neural Networks6,,2020-02-14 14:00:00,120,True,73,329,73
1236,Neural Networks7,v@7RMCsd,2020-02-21 14:00:00,120,False,73,361,73
1237,Neural Networks8,@7cFVtoc,2020-02-28 14:00:00,120,False,73,329,73
1238,Neural Networks9,,2020-03-06 14:00:00,120,False,73,329,73
1239,Neural Networks10,,2020-03-13 14:00:00,120,False,73,361,73
1240,Neural Networks11,,2020-03-20 14:00:00,120,False,73,361,73
1241,Neural Networks12,,2020-03-27 14:00:00,120,False,73,329,73
1242,Neural Networks13,#44GZg+Y,2020-04-03 14:00:00,120,False,73,361,73
1243,Neural Networks14,,2020-04-10 14:00:00,120,True,73,361,73
1244,Neural Networks15,,2020-04-17 14:00:00,120,True,73,329,73
1245,Neural Networks16,,2020-04-24 14:00:00,120,True,73,329,73
1246,Neural Networks17,,2020-05-01 14:00:00,120,False,73,361,73
1247,Neural Networks18,wN@+w6Lb,2020-05-08 14:00:00,120,False,73,361,73
1248,Neural Networks19,,2020-05-15 14:00:00,120,True,73,329,73
1249,Neural Networks20,,2020-05-22 14:00:00,120,False,73,329,73
1250,Neural Networks21,)^1ZTUZz,2020-05-29 14:00:00,120,True,73,361,73
1251,Neural Networks22,,2020-06-05 14:00:00,120,True,73,361,73
1252,Neural Networks23,+6fkrZHa,2020-06-12 14:00:00,120,False,73,361,73
1253,Neural Networks24,%W1TWtg_,2020-06-19 14:00:00,120,False,73,361,73
1254,Physics 1021,,2020-04-06 11:00:00,60,True,74,486,74
1255,Physics 1022,,2020-04-13 11:00:00,60,True,74,486,74
1256,Physics 1023,,2020-04-20 11:00:00,60,False,74,71,74
1257,Physics 1024,&%9EIt_j,2020-04-27 11:00:00,60,True,74,486,74
1258,Physics 1025,+1TmHWkP,2020-05-04 11:00:00,60,False,74,486,74
1259,Physics 1026,oY)%o9Ah,2020-05-11 11:00:00,60,False,74,486,74
1260,Physics 1027,,2020-05-18 11:00:00,60,True,74,71,74
1261,Physics 1028,p%td3JDn,2020-05-25 11:00:00,60,False,74,486,74
1262,Physics 1029,rM#O81Pt,2020-06-01 11:00:00,60,True,74,71,74
1263,Physics 10210,#g1fZnda,2020-06-08 11:00:00,60,True,74,71,74
1264,Physics 10211,,2020-06-15 11:00:00,60,True,74,71,74
1265,Physics 10212,,2020-06-22 11:00:00,60,True,74,71,74
1266,Debate I1,_HL9NzD*,2020-07-07 18:00:00,120,False,75,189,75
1267,Debate I2,,2020-07-14 18:00:00,120,False,75,367,75
1268,Debate I3,R8_9JVjP,2020-07-21 18:00:00,120,False,75,117,75
1269,Debate I4,5$)4CU_g,2020-07-28 18:00:00,120,False,75,367,75
1270,Debate I5,Hm)a4L^v,2020-08-04 18:00:00,120,True,75,492,75
1271,Debate I6,nzpz_1Pw,2020-08-11 18:00:00,120,True,75,492,75
1272,Debate I7,L8!1m4Pv,2020-08-18 18:00:00,120,False,75,189,75
1273,Debate I8,%5npIpjB,2020-08-25 18:00:00,120,False,75,492,75
1274,Debate I9,wx!0IJeh,2020-09-01 18:00:00,120,False,75,189,75
1275,Debate I10,*g8KXAyV,2020-09-08 18:00:00,120,True,75,367,75
1276,Debate I11,,2020-09-15 18:00:00,120,False,75,367,75
1277,Debate I12,)t9B8sZc,2020-09-22 18:00:00,120,True,75,117,75
1278,Debate I13,_1S)Ucrd,2020-09-29 18:00:00,120,True,75,117,75
1279,Debate I14,,2020-10-06 18:00:00,120,False,75,117,75
1280,Debate I15,,2020-10-13 18:00:00,120,False,75,189,75
1281,Debate I16,,2020-10-20 18:00:00,120,False,75,189,75
1282,Debate I17,,2020-10-27 18:00:00,120,False,75,189,75
1283,Debate I18,,2020-11-03 18:00:00,120,True,75,117,75
1284,Debate I19,,2020-11-10 18:00:00,120,True,75,367,75
1285,Debate I20,U*8KJ#hY,2020-11-17 18:00:00,120,True,75,367,75
1286,Debate I21,,2020-11-24 18:00:00,120,True,75,189,75
1287,Debate I22,^5IiUz3e,2020-12-01 18:00:00,120,True,75,117,75
1288,Debate I23,^8AFnrz$,2020-12-08 18:00:00,120,True,75,492,75
1289,Debate I24,ee$1iTkJ,2020-12-15 18:00:00,120,False,75,367,75
1290,Debate I25,,2020-12-22 18:00:00,120,True,75,117,75
1291,Embedded Systems1,*tQ(L9Cs,2020-04-10 17:00:00,60,True,76,207,76
1292,Embedded Systems2,s^f0SIft,2020-04-17 17:00:00,60,False,76,160,76
1293,Embedded Systems3,$5K+)jBo,2020-04-24 17:00:00,60,True,76,474,76
1294,Embedded Systems4,@Zh8^Iaz,2020-05-01 17:00:00,60,True,76,474,76
1295,Embedded Systems5,,2020-05-08 17:00:00,60,False,76,160,76
1296,Embedded Systems6,_7XQWSxz,2020-05-15 17:00:00,60,True,76,207,76
1297,Embedded Systems7,,2020-05-22 17:00:00,60,True,76,160,76
1298,Embedded Systems8,,2020-05-29 17:00:00,60,False,76,474,76
1299,Embedded Systems9,a_S!56Wu,2020-06-05 17:00:00,60,False,76,160,76
1300,Embedded Systems10,,2020-06-12 17:00:00,60,False,76,474,76
1301,Embedded Systems11,(XZ7*NpV,2020-06-19 17:00:00,60,False,76,207,76
1302,Japanese I1,,2020-01-09 13:00:00,90,True,77,276,77
1303,Japanese I2,I5&3&NCi,2020-01-16 13:00:00,90,True,77,276,77
1304,Japanese I3,*%3gTrCc,2020-01-23 13:00:00,90,True,77,226,77
1305,Japanese I4,Ms^16Ldb,2020-01-30 13:00:00,90,False,77,300,77
1306,Japanese I5,,2020-02-06 13:00:00,90,True,77,226,77
1307,Japanese I6,Y)%7Z5xG,2020-02-13 13:00:00,90,False,77,358,77
1308,Japanese I7,,2020-02-20 13:00:00,90,False,77,358,77
1309,Japanese I8,,2020-02-27 13:00:00,90,True,77,226,77
1310,Japanese I9,,2020-03-05 13:00:00,90,True,77,358,77
1311,Japanese I10,!20X&(Nw,2020-03-12 13:00:00,90,True,77,276,77
1312,Japanese I11,,2020-03-19 13:00:00,90,True,77,276,77
1313,Japanese I12,,2020-03-26 13:00:00,90,True,77,358,77
1314,Japanese I13,le$4$bEn,2020-04-02 13:00:00,90,False,77,300,77
1315,Japanese I14,,2020-04-09 13:00:00,90,True,77,358,77
1316,Japanese I15,,2020-04-16 13:00:00,90,False,77,300,77
1317,Japanese I16,%5NUZ7Ds,2020-04-23 13:00:00,90,True,77,226,77
1318,Japanese I17,,2020-04-30 13:00:00,90,True,77,300,77
1319,Japanese I18,!_8KHtlB,2020-05-07 13:00:00,90,False,77,300,77
1320,Japanese I19,EGr_7Fws,2020-05-14 13:00:00,90,True,77,358,77
1321,Japanese I20,,2020-05-21 13:00:00,90,False,77,226,77
1322,Japanese I21,,2020-05-28 13:00:00,90,True,77,226,77
1323,Japanese I22,,2020-06-04 13:00:00,90,True,77,276,77
1324,Japanese I23,_@8wMTtb,2020-06-11 13:00:00,90,False,77,276,77
1325,Japanese I24,%0eFQgr3,2020-06-18 13:00:00,90,True,77,226,77
1326,Japanese I25,,2020-06-25 13:00:00,90,True,77,358,77
1327,Computer Architecture1,,2020-04-07 15:00:00,120,False,78,347,78
1328,Computer Architecture2,,2020-04-14 15:00:00,120,False,78,347,78
1329,Computer Architecture3,,2020-04-21 15:00:00,120,False,78,347,78
1330,Computer Architecture4,,2020-04-28 15:00:00,120,True,78,347,78
1331,Computer Architecture5,+7XUXAtx,2020-05-05 15:00:00,120,False,78,347,78
1332,Computer Architecture6,,2020-05-12 15:00:00,120,False,78,347,78
1333,Computer Architecture7,%J0WC%&n,2020-05-19 15:00:00,120,True,78,347,78
1334,Computer Architecture8,E^(7WP@e,2020-05-26 15:00:00,120,False,78,347,78
1335,Computer Architecture9,!8l7DjHh,2020-06-02 15:00:00,120,False,78,347,78
1336,Computer Architecture10,,2020-06-09 15:00:00,120,True,78,347,78
1337,Computer Architecture11,*hb4E4oi,2020-06-16 15:00:00,120,False,78,347,78
1338,Computer Architecture12,,2020-06-23 15:00:00,120,False,78,347,78
1339,German I1,,2020-01-10 18:00:00,120,False,79,11,79
1340,German I2,,2020-01-17 18:00:00,120,False,79,180,79
1341,German I3,,2020-01-24 18:00:00,120,True,79,180,79
1342,German I4,,2020-01-31 18:00:00,120,False,79,154,79
1343,German I5,,2020-02-07 18:00:00,120,False,79,180,79
1344,German I6,,2020-02-14 18:00:00,120,False,79,180,79
1345,German I7,,2020-02-21 18:00:00,120,False,79,154,79
1346,German I8,,2020-02-28 18:00:00,120,False,79,11,79
1347,German I9,k+_5&Jlo,2020-03-06 18:00:00,120,False,79,180,79
1348,German I10,Q&5!6Vpq,2020-03-13 18:00:00,120,False,79,154,79
1349,German I11,s!1#KVEq,2020-03-20 18:00:00,120,True,79,11,79
1350,Dance1,,2020-01-10 17:00:00,90,False,80,347,80
1351,Dance2,(5yKRCnX,2020-01-17 17:00:00,90,False,80,310,80
1352,Dance3,,2020-01-24 17:00:00,90,True,80,217,80
1353,Dance4,,2020-01-31 17:00:00,90,True,80,217,80
1354,Dance5,,2020-02-07 17:00:00,90,False,80,347,80
1355,Dance6,!^!5xAJd,2020-02-14 17:00:00,90,False,80,347,80
1356,Dance7,I0+5Nqdv,2020-02-21 17:00:00,90,True,80,347,80
1357,Dance8,,2020-02-28 17:00:00,90,False,80,217,80
1358,Dance9,,2020-03-06 17:00:00,90,False,80,310,80
1359,Dance10,(B7_0XSp,2020-03-13 17:00:00,90,False,80,310,80
1360,Dance11,,2020-03-20 17:00:00,90,False,80,347,80
1361,Dance12,x#Cp5Gjb,2020-03-27 17:00:00,90,True,80,310,80
1362,Dance13,B&l&_7Se,2020-04-03 17:00:00,90,False,80,347,80
1363,Dance14,,2020-04-10 17:00:00,90,False,80,310,80
1364,Dance15,,2020-04-17 17:00:00,90,False,80,217,80
1365,Dance16,@9(H4oxX,2020-04-24 17:00:00,90,False,80,347,80
1366,Dance17,)l0aqyBv,2020-05-01 17:00:00,90,False,80,310,80
1367,Dance18,2X$9OKRk,2020-05-08 17:00:00,90,False,80,347,80
1368,Dance19,,2020-05-15 17:00:00,90,True,80,310,80
1369,Dance20,S@VJ4Z_n,2020-05-22 17:00:00,90,False,80,310,80
1370,Dance21,,2020-05-29 17:00:00,90,False,80,217,80
1371,Dance22,*6&3jZm),2020-06-05 17:00:00,90,True,80,310,80
1372,Dance23,,2020-06-12 17:00:00,90,True,80,347,80
1373,Dance24,*x%59A)r,2020-06-19 17:00:00,90,True,80,217,80
1374,Database Systems1,wN$C4LzO,2020-10-06 17:00:00,60,True,81,316,81
1375,Database Systems2,,2020-10-13 17:00:00,60,False,81,316,81
1376,Database Systems3,,2020-10-20 17:00:00,60,False,81,316,81
1377,Database Systems4,,2020-10-27 17:00:00,60,True,81,316,81
1378,Database Systems5,,2020-11-03 17:00:00,60,False,81,316,81
1379,Database Systems6,l(1SUKn(,2020-11-10 17:00:00,60,True,81,316,81
1380,Database Systems7,ve@7uSsl,2020-11-17 17:00:00,60,False,81,316,81
1381,Database Systems8,!S3YnNu2,2020-11-24 17:00:00,60,False,81,316,81
1382,Database Systems9,@1(NFubd,2020-12-01 17:00:00,60,True,81,316,81
1383,Database Systems10,n$1WSNzp,2020-12-08 17:00:00,60,True,81,316,81
1384,Database Systems11,,2020-12-15 17:00:00,60,False,81,316,81
1385,Database Systems12,,2020-12-22 17:00:00,60,False,81,316,81
1386,French I1,,2020-07-09 15:00:00,30,True,82,10,82
1387,French I2,^J2KE!mS,2020-07-16 15:00:00,30,True,82,159,82
1388,French I3,,2020-07-23 15:00:00,30,False,82,267,82
1389,French I4,g%4Lw%Rh,2020-07-30 15:00:00,30,False,82,159,82
1390,French I5,,2020-08-06 15:00:00,30,False,82,10,82
1391,French I6,&m0Yb!xa,2020-08-13 15:00:00,30,False,82,159,82
1392,French I7,,2020-08-20 15:00:00,30,True,82,267,82
1393,French I8,,2020-08-27 15:00:00,30,True,82,159,82
1394,French I9,,2020-09-03 15:00:00,30,False,82,267,82
1395,French I10,)7BD5hBG,2020-09-10 15:00:00,30,True,82,10,82
1396,French I11,2^33JwKq,2020-09-17 15:00:00,30,True,82,267,82
1397,French I12,,2020-09-24 15:00:00,30,True,82,159,82
1398,Humanities 1011,j%S^5Uaz,2020-07-10 13:00:00,90,False,83,201,83
1399,Humanities 1012,,2020-07-17 13:00:00,90,True,83,201,83
1400,Humanities 1013,8P&5Lv&L,2020-07-24 13:00:00,90,False,83,201,83
1401,Humanities 1014,,2020-07-31 13:00:00,90,False,83,201,83
1402,Humanities 1015,^kj5Rv6G,2020-08-07 13:00:00,90,False,83,201,83
1403,Humanities 1016,,2020-08-14 13:00:00,90,True,83,201,83
1404,Humanities 1017,7m!2aeDn,2020-08-21 13:00:00,90,True,83,201,83
1405,Humanities 1018,,2020-08-28 13:00:00,90,False,83,201,83
1406,Humanities 1019,,2020-09-04 13:00:00,90,True,83,201,83
1407,Humanities 10110,,2020-09-11 13:00:00,90,False,83,201,83
1408,Humanities 10111,,2020-09-18 13:00:00,90,True,83,201,83
1409,Networking1,,2020-07-09 18:00:00,120,False,84,1,84
1410,Networking2,)4(ryIop,2020-07-16 18:00:00,120,False,84,82,84
1411,Networking3,,2020-07-23 18:00:00,120,False,84,493,84
1412,Networking4,m(f^(7Ts,2020-07-30 18:00:00,120,False,84,1,84
1413,Networking5,&y0RN^qN,2020-08-06 18:00:00,120,False,84,1,84
1414,Networking6,t#or6Dm(,2020-08-13 18:00:00,120,True,84,82,84
1415,Networking7,,2020-08-20 18:00:00,120,False,84,1,84
1416,Networking8,Tp!hv0Js,2020-08-27 18:00:00,120,True,84,1,84
1417,Networking9,,2020-09-03 18:00:00,120,True,84,82,84
1418,Networking10,g_ty0fDd,2020-09-10 18:00:00,120,True,84,157,84
1419,Networking11,)Y4Q8Gg*,2020-09-17 18:00:00,120,False,84,157,84
1420,Networking12,,2020-09-24 18:00:00,120,False,84,493,84
1421,Photography1,,2020-04-10 17:00:00,120,False,85,335,85
1422,Photography2,!s6ED3c!,2020-04-17 17:00:00,120,True,85,271,85
1423,Photography3,F&1JSbSu,2020-04-24 17:00:00,120,True,85,335,85
1424,Photography4,,2020-05-01 17:00:00,120,False,85,335,85
1425,Photography5,q#G4DBAg,2020-05-08 17:00:00,120,True,85,335,85
1426,Photography6,UD$LP0Zp,2020-05-15 17:00:00,120,True,85,335,85
1427,Photography7,3Cx#9Iez,2020-05-22 17:00:00,120,False,85,310,85
1428,Photography8,%664VEcc,2020-05-29 17:00:00,120,False,85,310,85
1429,Photography9,DL@O8Uza,2020-06-05 17:00:00,120,True,85,335,85
1430,Photography10,#5aF7Mn2,2020-06-12 17:00:00,120,True,85,310,85
1431,Photography11,O%17MHri,2020-06-19 17:00:00,120,True,85,335,85
1432,Government1,G(0vZYFs,2020-10-07 11:00:00,30,True,86,439,86
1433,Government2,,2020-10-14 11:00:00,30,True,86,439,86
1434,Government3,,2020-10-21 11:00:00,30,True,86,47,86
1435,Government4,(62odPhh,2020-10-28 11:00:00,30,True,86,439,86
1436,Government5,,2020-11-04 11:00:00,30,False,86,47,86
1437,Government6,,2020-11-11 11:00:00,30,False,86,47,86
1438,Government7,,2020-11-18 11:00:00,30,True,86,366,86
1439,Government8,9)8WZkP@,2020-11-25 11:00:00,30,True,86,47,86
1440,Government9,NZW*R1Kc,2020-12-02 11:00:00,30,True,86,484,86
1441,Government10,wf%F0bEi,2020-12-09 11:00:00,30,False,86,366,86
1442,Government11,,2020-12-16 11:00:00,30,True,86,47,86
1443,Government12,,2020-12-23 11:00:00,30,True,86,439,86
1444,Engineering 1011,A@0I4bB1,2020-07-08 16:00:00,60,True,87,207,87
1445,Engineering 1012,,2020-07-15 16:00:00,60,True,87,82,87
1446,Engineering 1013,,2020-07-22 16:00:00,60,True,87,117,87
1447,Engineering 1014,V$f*2Yus,2020-07-29 16:00:00,60,False,87,235,87
1448,Engineering 1015,J#D3AWi9,2020-08-05 16:00:00,60,True,87,235,87
1449,Engineering 1016,,2020-08-12 16:00:00,60,True,87,235,87
1450,Engineering 1017,,2020-08-19 16:00:00,60,False,87,235,87
1451,Engineering 1018,,2020-08-26 16:00:00,60,True,87,207,87
1452,Engineering 1019,,2020-09-02 16:00:00,60,False,87,235,87
1453,Engineering 10110,&8RnvtW4,2020-09-09 16:00:00,60,True,87,207,87
1454,Engineering 10111,,2020-09-16 16:00:00,60,False,87,207,87
1455,Engineering 10112,,2020-09-23 16:00:00,60,True,87,207,87
1456,Engineering 10113,_z2Uoq4B,2020-09-30 16:00:00,60,False,87,235,87
1457,Engineering 10114,$$3F5iDs,2020-10-07 16:00:00,60,False,87,117,87
1458,Engineering 10115,,2020-10-14 16:00:00,60,True,87,82,87
1459,Engineering 10116,*8G$zDas,2020-10-21 16:00:00,60,True,87,235,87
1460,Engineering 10117,,2020-10-28 16:00:00,60,False,87,117,87
1461,Engineering 10118,,2020-11-04 16:00:00,60,False,87,235,87
1462,Engineering 10119,,2020-11-11 16:00:00,60,False,87,207,87
1463,Engineering 10120,C+i$2ILf,2020-11-18 16:00:00,60,False,87,117,87
1464,Engineering 10121,_7BkDofd,2020-11-25 16:00:00,60,True,87,207,87
1465,Engineering 10122,$li%7jNr,2020-12-02 16:00:00,60,False,87,235,87
1466,Engineering 10123,_BP1OuVq,2020-12-09 16:00:00,60,True,87,235,87
1467,Engineering 10124,p%7H_dDp,2020-12-16 16:00:00,60,True,87,82,87
1468,Engineering 10125,,2020-12-23 16:00:00,60,True,87,235,87
1469,IoT Systems1,Z^6fYqnA,2020-01-07 14:00:00,90,True,88,300,88
1470,IoT Systems2,^0jP1&sB,2020-01-14 14:00:00,90,True,88,300,88
1471,IoT Systems3,,2020-01-21 14:00:00,90,True,88,300,88
1472,IoT Systems4,,2020-01-28 14:00:00,90,True,88,300,88
1473,IoT Systems5,$4@O$pX4,2020-02-04 14:00:00,90,True,88,300,88
1474,IoT Systems6,,2020-02-11 14:00:00,90,False,88,300,88
1475,IoT Systems7,%h5EU7gt,2020-02-18 14:00:00,90,True,88,300,88
1476,IoT Systems8,6s(1)Nn@,2020-02-25 14:00:00,90,True,88,300,88
1477,IoT Systems9,,2020-03-03 14:00:00,90,False,88,300,88
1478,IoT Systems10,T+D9Ctfu,2020-03-10 14:00:00,90,False,88,300,88
1479,IoT Systems11,R^X9Y%s1,2020-03-17 14:00:00,90,False,88,300,88
1480,IoT Systems12,#W5X9@gF,2020-03-24 14:00:00,90,False,88,300,88
1481,Calculus IV1,@g2Va&gd,2020-07-07 14:00:00,120,True,89,497,89
1482,Calculus IV2,,2020-07-14 14:00:00,120,False,89,497,89
1483,Calculus IV3,,2020-07-21 14:00:00,120,True,89,8,89
1484,Calculus IV4,,2020-07-28 14:00:00,120,True,89,497,89
1485,Calculus IV5,(4fDL)9i,2020-08-04 14:00:00,120,False,89,497,89
1486,Calculus IV6,k_1G!gsQ,2020-08-11 14:00:00,120,False,89,8,89
1487,Calculus IV7,,2020-08-18 14:00:00,120,False,89,8,89
1488,Calculus IV8,,2020-08-25 14:00:00,120,False,89,8,89
1489,Calculus IV9,O8@97Brt,2020-09-01 14:00:00,120,False,89,8,89
1490,Calculus IV10,&$+*L4Kx,2020-09-08 14:00:00,120,False,89,8,89
1491,Calculus IV11,,2020-09-15 14:00:00,120,True,89,8,89
1492,Calculus IV12,#9rHGCMd,2020-09-22 14:00:00,120,False,89,497,89
1493,Calculus IV13,C!v9xIwt,2020-09-29 14:00:00,120,True,89,8,89
1494,Calculus IV14,E*6RkKIb,2020-10-06 14:00:00,120,False,89,497,89
1495,Calculus IV15,%Z*4_Ul_,2020-10-13 14:00:00,120,False,89,8,89
1496,Calculus IV16,A_6IpMi),2020-10-20 14:00:00,120,False,89,497,89
1497,Calculus IV17,,2020-10-27 14:00:00,120,True,89,8,89
1498,Calculus IV18,S^4W3giC,2020-11-03 14:00:00,120,True,89,8,89
1499,Calculus IV19,$2X0SpuS,2020-11-10 14:00:00,120,True,89,497,89
1500,Calculus IV20,,2020-11-17 14:00:00,120,False,89,497,89
1501,Calculus IV21,!2Bmh4eH,2020-11-24 14:00:00,120,False,89,497,89
1502,Calculus IV22,(wNiR3Ye,2020-12-01 14:00:00,120,True,89,8,89
1503,Calculus IV23,%N)2ITKr,2020-12-08 14:00:00,120,True,89,497,89
1504,Calculus IV24,W+h04LZu,2020-12-15 14:00:00,120,True,89,8,89
1505,Calculus IV25,,2020-12-22 14:00:00,120,False,89,8,89
