user_id,meeting_id
0,908
0,910
0,915
0,911
0,909
0,917
0,907
0,906
0,476
0,474
0,477
0,472
0,469
0,575
0,560
0,559
0,561
0,553
0,568
0,556
0,574
0,563
0,562
0,565
0,564
0,567
0,573
0,555
0,569
0,572
0,571
0,554
0,1442
0,1434
0,1435
0,1437
0,1432
0,1439
0,1440
0,102
0,106
0,99
2,1221
2,1220
2,1227
2,1226
2,1439
2,1438
2,1442
2,1441
2,1436
2,1440
2,1432
5,772
5,774
5,771
6,353
6,351
6,929
6,918
6,924
6,926
6,928
6,923
6,927
6,920
6,921
6,925
6,1320
6,1312
6,1309
6,1307
6,1317
6,1315
6,1305
6,1313
6,1303
6,1304
6,1322
6,1321
6,1318
6,1314
6,1308
6,1324
6,1325
6,1316
6,1311
6,1326
6,1302
6,1319
6,1323
6,0
6,12
6,3
6,8
6,6
6,18
6,23
6,20
6,2
6,22
6,1
6,17
6,11
6,19
6,768
6,759
6,765
6,770
6,767
6,763
6,762
6,764
6,761
6,769
6,766
7,701
7,703
7,704
7,708
7,706
7,699
7,707
7,702
7,705
7,709
7,446
7,447
7,443
7,445
7,453
7,451
7,449
7,450
7,448
7,60
7,54
7,53
7,58
7,50
7,52
7,51
7,909
7,409
7,408
7,416
7,414
7,407
7,413
7,278
7,273
7,264
7,263
13,140
13,145
13,146
13,137
13,143
13,138
13,1454
13,783
13,807
13,791
13,787
13,790
13,252
13,254
14,1420
14,1417
14,1410
14,1419
14,1418
14,1412
14,1413
14,378
14,363
14,366
14,358
14,360
14,379
14,372
14,369
14,357
14,365
14,356
14,368
14,374
14,371
14,362
14,367
14,373
14,380
14,376
14,375
14,361
14,370
16,7
16,5
16,21
16,9
16,24
16,17
16,3
16,6
16,20
16,652
16,654
16,658
16,660
16,650
16,659
17,80
17,73
17,775
17,776
17,772
17,773
17,778
17,1501
17,1492
17,1495
17,1496
17,1498
18,1256
18,1263
18,1254
18,1255
18,1264
18,1257
18,1265
18,195
18,191
18,258
18,261
18,279
18,260
18,259
18,277
18,268
18,264
18,269
18,281
18,263
18,280
18,272
18,273
18,267
18,282
18,266
18,265
18,276
18,1242
18,1245
18,1253
18,1237
18,1231
18,1233
18,1239
18,1240
18,1249
18,1244
18,1235
18,351
18,345
18,344
18,1410
18,1419
18,1415
18,1416
18,1409
18,1418
18,1417
18,1420
18,1412
20,888
20,878
20,209
20,199
20,207
20,202
20,211
20,201
20,197
20,198
20,217
20,200
20,204
20,216
20,1317
20,1308
20,1318
20,1319
20,1324
20,1314
20,1313
20,1402
20,1400
20,1398
20,1401
20,165
20,159
20,160
20,167
20,168
20,152
20,1097
20,1103
20,1100
20,1099
20,1101
23,1113
23,1118
23,1112
23,1109
23,1111
23,1116
23,1108
23,1114
23,1117
23,1115
23,1110
23,1475
23,1473
23,1478
23,1474
23,1470
23,1469
23,1472
23,1480
23,1476
23,1471
23,1479
23,1477
23,1264
23,1265
23,1259
23,1263
23,1261
23,1260
23,1256
23,1262
23,588
23,587
23,578
23,579
23,584
23,586
23,577
23,466
23,456
24,602
24,610
24,609
24,604
24,611
24,930
24,935
24,936
24,933
24,931
24,941
24,934
24,938
24,937
24,939
24,1234
24,1015
24,1032
24,1023
24,1019
24,1020
24,1027
24,1031
24,1034
24,1033
24,1028
24,1022
24,1012
24,1030
24,1011
24,1016
24,687
24,694
24,691
24,695
24,696
24,688
24,693
24,692
24,690
24,334
24,338
24,340
24,333
24,335
24,332
24,336
25,1231
25,1249
25,1235
25,1240
25,1250
25,1243
25,1246
25,1247
25,1251
25,1242
25,1252
25,1241
25,1239
25,1245
25,1238
25,1234
25,1232
25,1233
25,1248
26,169
26,168
26,171
26,152
26,151
26,158
26,159
26,161
26,154
26,150
26,172
26,170
26,163
26,156
26,155
26,174
26,184
26,182
26,179
26,177
26,180
26,181
27,521
27,525
27,517
27,524
27,520
27,523
27,526
27,518
27,516
27,1085
27,1089
27,1090
27,1095
27,1092
27,1088
27,418
27,421
27,433
27,423
27,436
27,438
27,432
27,442
27,439
27,426
27,437
27,425
27,430
27,440
27,422
27,429
27,441
27,434
27,428
27,427
27,194
27,188
27,186
27,195
27,187
27,193
27,190
27,185
27,189
27,192
27,191
28,882
28,879
28,880
28,876
28,889
28,878
28,888
28,891
28,874
28,869
28,893
28,881
28,870
28,875
28,890
28,872
28,887
28,885
28,873
28,884
28,883
28,871
28,892
28,886
29,502
29,506
29,503
29,509
29,514
29,491
29,511
29,493
29,499
29,500
29,495
29,497
29,513
29,501
29,507
29,498
29,512
29,923
29,922
29,926
29,927
29,929
29,919
29,921
29,920
29,1340
29,1345
29,1347
29,1348
29,1339
29,1342
29,1344
29,1349
29,1343
29,1346
29,560
29,557
29,573
29,570
29,569
29,559
29,575
29,554
29,564
29,574
29,668
29,664
30,1286
30,1283
30,1280
30,1270
30,1269
30,1287
30,1278
30,1290
30,1277
30,1273
30,1266
30,1271
30,1288
30,1267
30,1274
30,1090
30,1088
30,1093
30,1087
30,1094
30,1091
30,1086
30,1095
30,1386
30,1394
30,1389
30,1388
30,1393
30,1397
30,1387
30,1396
30,1390
30,1395
30,1391
30,1392
30,1451
30,1454
30,1463
30,1465
30,1455
30,1446
30,1452
30,1460
30,1459
30,1447
30,1445
30,1458
30,1450
30,1461
30,1448
30,1462
30,1466
30,1467
30,1464
30,1456
30,1457
30,1418
30,1411
31,204
31,1137
31,1131
31,1123
31,1126
31,1122
31,1119
31,1121
33,291
33,286
33,284
33,290
33,294
33,289
33,293
33,292
33,283
33,285
33,288
33,287
33,1226
33,1228
33,1225
33,1223
33,1227
33,1220
33,1218
33,1219
33,1221
33,1222
35,249
35,257
35,252
35,254
35,256
35,253
35,246
35,251
35,255
35,247
35,248
35,250
35,525
35,517
35,523
35,521
35,526
35,519
35,518
35,522
35,989
35,996
35,994
35,993
35,988
35,992
35,345
35,349
35,346
35,353
35,351
35,352
35,354
35,348
35,350
35,344
35,347
35,355
35,100
35,105
35,109
35,107
35,106
35,101
35,103
35,108
35,99
35,104
35,102
35,110
36,1191
36,1189
36,1184
36,1187
36,1183
36,1190
38,636
38,626
38,631
38,620
38,618
38,625
38,624
38,628
38,613
38,633
38,634
38,621
38,630
38,614
38,632
38,616
38,629
38,617
38,106
38,107
38,104
38,103
38,101
38,99
38,110
38,109
38,412
38,409
38,411
38,413
38,410
38,408
38,407
38,416
38,415
38,414
38,406
38,417
38,1220
38,1227
38,898
38,901
38,903
38,899
38,894
38,897
38,900
38,273
38,277
38,276
38,264
38,267
38,275
38,280
38,266
38,279
38,282
38,263
38,272
38,269
38,278
38,268
38,265
38,274
38,260
38,262
38,281
38,258
38,261
38,259
38,271
38,270
42,1188
42,1181
42,1186
42,1192
42,1190
42,1183
42,1185
42,1187
42,1184
42,1485
42,1502
42,1498
42,1501
42,1495
42,188
42,192
42,193
43,1374
43,1378
43,1376
43,1385
43,1377
43,1384
43,1379
43,1375
43,1381
43,1383
43,123
43,130
43,121
43,126
43,113
43,118
43,129
43,131
43,125
43,112
43,127
43,58
43,61
43,51
43,60
43,54
43,59
43,52
43,56
43,53
43,55
43,50
43,233
43,222
43,235
43,224
43,239
43,243
43,231
43,244
43,226
43,230
43,223
43,229
43,242
43,245
43,236
43,227
43,240
43,232
43,234
43,225
43,335
43,332
43,333
43,339
43,337
43,341
43,343
43,340
43,342
43,336
43,338
43,334
44,993
44,990
44,559
44,576
44,571
44,556
44,570
44,558
44,561
44,569
44,553
44,564
44,566
44,552
44,563
44,560
44,562
44,383
44,395
44,386
44,402
44,398
44,397
44,385
44,394
44,401
44,381
44,389
44,391
44,400
44,350
44,351
44,347
48,1145
48,1148
48,1153
48,1146
48,1151
48,531
48,538
48,542
48,1085
48,1088
48,1095
48,380
48,369
48,367
48,1052
48,1050
48,1043
48,1041
48,1055
49,310
49,309
49,327
49,324
49,312
49,331
49,318
49,314
49,316
49,325
49,326
49,317
49,307
49,313
49,814
49,647
49,638
49,642
49,645
49,646
49,639
49,643
49,644
49,648
49,908
49,910
49,909
49,906
49,914
49,915
49,913
49,916
49,917
49,911
49,912
49,907
49,464
49,462
49,455
49,459
49,456
49,466
49,465
49,458
49,461
49,463
49,460
49,457
49,1106
50,875
50,889
50,887
50,891
50,893
50,883
50,888
50,885
50,892
50,869
50,884
50,882
50,879
50,877
50,881
50,890
50,872
50,886
50,968
50,965
50,969
50,973
50,975
50,971
50,986
50,979
50,974
50,976
50,982
50,984
50,978
50,967
50,972
50,985
50,983
50,966
50,970
50,981
50,964
50,980
50,987
50,437
50,436
50,442
50,421
50,435
50,705
50,703
50,700
50,707
50,706
50,701
50,708
50,699
50,702
50,698
50,709
50,704
50,1095
50,1086
50,1088
50,1085
50,1092
50,1087
50,1094
50,1091
50,1090
50,1089
52,566
52,552
52,575
52,570
52,573
52,560
52,576
52,580
52,578
52,582
52,585
52,581
52,586
52,588
52,579
52,584
52,583
52,577
52,317
52,319
52,313
52,309
52,312
52,318
52,327
52,324
52,308
52,331
52,323
52,329
52,326
52,330
52,315
52,322
52,307
52,320
52,715
52,718
52,719
52,712
52,721
52,711
52,713
52,667
52,671
52,672
52,662
52,670
52,668
52,664
52,669
52,665
53,679
53,685
53,683
53,676
53,684
53,675
53,674
56,1188
56,1181
56,1189
56,1182
56,1187
56,1191
56,1186
56,656
56,659
56,1350
56,1363
56,973
56,983
56,982
56,979
56,985
56,969
56,972
56,986
56,970
56,964
56,975
56,980
56,977
56,987
56,967
56,971
56,976
57,371
57,380
57,357
57,374
57,376
57,368
57,360
57,373
57,369
57,359
57,356
57,370
57,378
57,366
57,379
57,358
57,364
57,278
57,960
57,961
57,956
60,897
60,901
60,905
61,1386
61,1392
62,291
62,294
62,284
62,293
62,289
62,288
62,283
62,292
62,1434
62,1436
62,1432
62,1439
62,1442
62,1437
62,1440
62,1441
62,1438
63,97
63,89
63,94
63,548
63,544
63,541
63,534
63,538
63,529
63,536
63,530
63,545
63,550
63,795
63,783
63,801
63,807
63,803
63,711
63,713
63,717
63,721
63,710
64,175
64,1241
64,1252
64,1240
64,1245
64,1247
64,1251
64,1246
64,1235
64,1237
64,1242
64,1250
64,1233
64,1249
64,1239
64,1230
64,1231
64,1238
64,1248
64,1244
64,1234
67,440
67,419
67,435
67,428
67,418
67,432
67,441
67,438
67,429
67,434
67,442
67,422
67,420
67,431
67,436
67,433
67,427
67,423
67,424
67,425
67,421
67,426
67,943
67,949
67,952
67,947
67,946
67,950
67,951
67,589
67,590
67,600
67,592
67,597
67,595
67,598
67,599
67,594
67,591
67,596
67,593
68,252
68,914
68,908
68,916
68,909
68,906
68,917
68,911
68,991
68,997
68,990
68,996
68,989
68,994
68,992
68,993
68,998
68,947
68,950
68,952
68,946
69,1128
69,1141
69,1120
69,112
69,133
69,114
69,125
69,122
69,856
69,845
69,849
69,862
69,868
69,852
69,846
69,863
69,865
69,858
69,857
69,859
69,860
69,847
69,851
69,848
69,854
69,861
69,844
69,855
69,867
69,864
69,1355
69,1373
69,1354
69,1350
69,1357
69,1356
69,1367
69,1352
69,1366
69,1361
69,1369
69,1363
69,1358
69,1360
69,1351
69,1359
69,1368
69,1353
69,1371
69,1364
69,1372
69,312
69,323
69,331
69,314
69,307
69,328
69,326
69,324
69,313
69,321
69,309
69,329
69,330
69,319
69,327
69,316
69,308
69,315
72,977
72,980
72,983
72,973
72,972
72,986
72,985
72,971
72,964
72,968
72,967
72,975
72,969
73,37
73,44
73,34
73,48
73,32
73,40
73,30
73,45
73,36
73,43
73,26
73,38
73,41
73,46
73,33
73,1495
73,1496
73,1500
73,1487
73,1490
73,1498
73,1497
73,1503
73,1486
73,1502
73,1483
73,1485
73,1482
73,1504
73,1499
73,1501
73,1488
73,1492
73,1489
73,1494
73,1491
73,1481
73,1493
73,1505
74,249
74,253
74,251
74,252
74,250
74,256
74,246
74,255
74,254
74,348
74,353
74,354
74,351
74,346
74,887
74,870
74,881
74,889
74,880
74,871
74,890
74,886
74,875
74,893
74,888
74,885
74,876
74,667
74,671
74,662
74,670
74,664
74,665
74,666
74,663
74,668
74,669
75,645
75,649
75,648
75,644
75,341
75,333
75,334
75,332
75,335
75,343
75,340
75,338
76,977
76,983
76,972
76,980
76,986
76,965
76,964
76,1472
76,192
76,191
76,188
77,1324
77,1315
77,1310
77,1311
77,1317
77,1316
77,1321
77,1314
77,1304
77,1318
77,1267
77,1278
77,1273
77,1266
77,1274
77,1282
77,1271
77,1289
77,1279
77,1277
77,1270
77,460
77,458
77,1480
77,1474
77,1472
77,1475
77,1471
77,1476
77,1473
77,1479
77,1469
77,1470
77,1478
77,81
77,62
77,75
77,70
77,76
77,73
77,74
78,325
78,328
78,308
78,320
78,331
78,330
78,323
78,313
78,307
78,311
78,315
78,326
78,314
78,310
78,322
78,327
78,312
78,321
78,309
78,317
79,39
79,46
79,32
79,48
79,36
79,34
79,40
79,47
79,27
79,26
79,25
79,30
79,28
79,49
79,37
79,31
79,42
79,45
79,33
79,1259
79,1264
79,957
79,954
79,958
79,953
79,961
79,956
79,963
79,955
79,959
79,960
79,532
79,540
79,546
79,539
79,533
79,529
79,549
79,544
79,551
79,527
79,547
79,550
79,531
79,530
79,543
79,534
79,545
79,542
79,535
79,541
79,528
79,536
79,1436
79,1433
79,1434
79,1438
79,1435
79,1441
79,1437
81,1210
81,1215
81,1204
81,1201
81,1195
81,1213
81,1197
81,1216
81,1196
81,1214
81,1393
81,1146
81,1144
81,1147
81,1153
81,1152
81,1151
81,1145
83,659
83,650
83,656
83,657
83,653
83,194
83,190
83,189
83,191
83,193
83,192
83,188
83,604
83,129
83,123
83,112
83,111
83,132
83,122
83,131
83,1097
83,1096
83,1098
83,531
83,543
83,535
83,533
83,537
83,539
83,548
83,529
83,540
83,538
84,1307
84,1303
84,1308
84,1322
84,1325
84,1309
84,1316
84,1326
84,1323
84,1313
84,1319
84,1302
84,1310
85,993
85,995
85,202
85,201
85,206
85,213
85,211
85,212
85,214
85,216
85,218
85,220
85,196
85,210
85,199
85,203
85,217
85,215
85,870
85,880
85,886
85,1226
85,1222
85,1223
85,1218
85,1225
85,1219
87,1333
87,1338
87,809
87,4
87,8
87,12
87,2
87,17
87,23
87,22
87,15
87,3
87,21
87,13
87,14
87,0
87,1
87,9
87,5
87,19
87,10
87,18
87,16
87,24
87,201
87,202
87,204
87,218
87,220
87,217
87,215
87,203
87,206
87,205
87,211
87,212
87,197
87,213
87,196
87,199
87,207
87,198
87,216
87,1259
87,1261
87,1255
87,1257
87,1258
87,1264
87,1256
87,1263
89,973
89,978
89,970
89,983
89,985
89,975
89,987
89,976
89,986
89,964
89,980
89,979
89,972
89,967
89,984
89,977
89,966
89,969
89,968
89,982
89,965
89,974
89,981
89,971
90,103
90,102
90,101
90,109
90,110
90,105
90,848
90,866
90,845
90,855
90,853
90,862
90,1221
90,786
90,804
90,794
90,792
90,1335
90,1327
90,1333
90,1329
90,126
90,120
90,125
90,119
90,128
90,117
90,127
90,129
90,116
90,130
90,131
90,111
90,114
90,121
90,124
91,117
91,128
91,653
91,661
91,655
92,647
92,645
92,646
92,639
92,1393
92,1387
92,1395
92,1391
92,1394
95,679
95,685
95,677
95,683
95,678
95,467
95,470
95,477
95,469
95,476
95,1323
95,1310
95,1324
95,1305
95,1303
95,1326
95,1309
95,1304
95,1319
95,1325
95,1311
95,796
95,785
95,806
95,800
95,791
95,784
95,783
95,807
95,788
95,802
95,803
95,792
96,457
96,461
96,458
96,464
96,456
96,455
96,465
96,466
96,91
96,89
96,88
96,94
96,93
96,97
96,92
96,98
96,87
96,90
96,95
96,224
96,245
96,223
96,238
96,230
96,233
96,225
96,244
96,228
96,232
96,229
96,231
96,240
96,226
96,227
96,235
96,234
96,221
96,237
96,222
96,242
96,241
97,552
97,562
97,559
97,572
97,575
97,574
97,576
97,566
97,568
97,560
97,571
97,567
97,556
97,557
97,570
97,561
97,573
97,555
97,554
97,563
97,558
97,564
97,553
97,751
97,756
97,742
97,755
97,738
97,758
97,740
97,747
97,739
97,736
97,746
97,748
97,741
97,754
97,753
97,749
97,752
97,757
97,734
97,744
97,157
97,166
97,158
97,167
97,169
97,162
97,150
97,161
97,151
97,154
97,149
97,168
97,172
97,156
97,148
97,153
97,163
97,171
97,170
97,422
97,424
97,421
97,437
97,441
97,435
97,433
97,438
97,425
97,420
97,440
97,429
97,419
97,436
97,430
97,434
97,418
97,428
97,431
97,427
97,439
97,442
97,432
97,909
98,599
98,600
98,597
98,591
98,72
98,68
98,63
98,82
98,65
98,76
98,73
98,74
98,78
98,70
98,79
98,64
98,69
98,75
98,77
98,84
98,80
98,86
98,66
98,85
98,62
98,81
98,67
98,71
99,1420
99,1416
99,1417
99,1412
99,1183
99,40
99,49
99,31
99,48
99,35
99,28
99,27
99,42
99,44
99,37
99,43
99,32
99,26
99,46
99,41
99,38
99,47
99,45
99,33
99,30
99,29
99,912
101,292
101,285
101,288
101,289
101,283
101,284
101,286
101,290
101,291
101,293
101,294
101,1171
101,1174
101,1166
101,1109
101,1113
101,1114
101,1116
101,1115
101,1118
101,1110
101,1108
101,1117
101,394
101,400
101,403
101,401
101,387
101,386
101,398
101,389
101,391
101,381
101,396
101,404
101,402
101,390
101,395
101,397
101,384
101,702
101,709
101,705
102,1106
102,814
102,818
102,813
102,808
102,816
102,812
102,1074
102,1078
102,1067
102,1063
102,1080
102,1076
102,1064
102,1075
102,1066
102,1082
102,1070
102,1084
102,1062
102,1068
102,1077
102,1073
102,1060
102,1061
102,1081
102,1071
102,1065
102,1083
102,369
102,362
102,365
102,356
102,363
102,361
102,375
102,364
102,371
102,379
102,359
102,368
102,378
102,358
102,357
102,380
102,360
102,377
102,376
102,366
102,370
102,460
102,458
102,456
102,463
102,459
102,466
102,464
102,462
102,793
102,798
102,785
102,783
102,797
102,805
102,789
102,792
102,790
102,784
102,799
102,802
102,796
103,655
103,650
103,660
103,654
103,651
103,658
103,1276
103,1274
103,1269
103,1288
103,1290
103,1289
103,1279
103,304
103,301
103,299
103,306
103,295
103,1066
103,1079
103,1067
103,1078
103,1077
103,1076
103,1062
103,1063
103,1080
103,1083
103,1069
103,195
103,194
103,186
103,193
103,189
103,185
103,192
103,190
103,191
103,188
103,1242
103,1243
103,1232
104,184
104,173
104,178
104,180
104,269
104,263
104,749
104,736
104,743
104,737
104,758
104,735
104,740
104,755
104,739
104,1074
104,1060
104,1080
104,1078
104,1066
104,1067
104,1076
104,1082
104,1071
104,1064
104,1084
104,1063
104,1068
104,1079
104,1069
104,1070
104,1075
104,1083
105,736
105,739
105,754
105,735
105,757
105,755
105,738
105,742
105,746
105,737
105,756
105,753
105,740
105,749
105,758
105,748
105,734
105,751
105,743
105,747
105,744
105,971
105,983
105,987
105,972
105,976
105,977
105,969
105,967
105,986
105,81
105,69
105,78
105,79
105,66
105,73
105,80
105,77
105,63
105,68
105,70
105,82
105,83
105,74
105,86
105,75
105,72
105,85
105,71
105,67
105,65
106,692
106,691
106,693
106,689
106,688
106,694
106,696
106,686
106,690
106,103
106,107
106,105
106,100
106,104
106,108
106,448
106,451
106,446
106,447
106,56
106,53
106,265
106,270
106,280
106,264
106,275
106,279
106,267
106,282
106,268
106,261
106,262
106,273
106,266
106,258
106,274
106,271
106,259
108,696
108,695
108,792
108,799
108,804
108,797
108,800
108,793
108,803
108,795
108,805
108,807
108,784
108,783
108,794
108,796
108,802
108,798
108,788
108,801
108,785
108,789
108,790
108,939
108,937
108,16
108,7
108,17
108,8
108,15
108,3
108,2
108,14
108,6
108,13
108,20
108,23
108,1
108,9
108,11
114,603
114,1400
114,1402
114,1405
114,1234
114,1231
114,989
114,996
114,100
114,104
114,106
114,99
114,569
114,560
114,563
114,566
114,568
114,556
114,562
114,575
114,555
118,385
118,405
118,390
118,388
118,387
118,384
118,779
118,778
118,780
118,775
118,772
118,669
118,667
118,664
119,804
119,789
119,787
119,799
119,805
119,803
119,800
119,793
119,802
119,806
119,807
119,794
119,783
119,785
119,788
119,801
119,790
119,795
119,796
119,792
119,786
119,797
119,784
119,334
119,336
119,340
119,342
119,338
119,339
119,335
119,332
119,337
119,71
119,72
119,73
119,68
119,81
119,67
119,86
119,64
119,62
119,77
119,75
119,65
119,80
119,66
119,69
119,1335
119,1328
119,1330
119,1336
119,1337
119,1334
119,1327
119,1329
119,1331
119,1332
119,1404
119,1399
119,1406
119,1402
119,1405
119,1403
119,1401
119,1407
119,1398
119,385
119,404
119,401
119,386
119,403
119,382
119,402
119,395
119,405
119,396
119,387
119,389
119,400
119,388
119,392
119,391
119,397
119,394
121,248
121,253
121,256
121,247
121,251
121,257
121,246
121,447
121,583
121,581
121,579
121,310
121,329
121,317
121,309
121,325
121,324
121,318
121,311
121,327
121,330
122,1094
122,1095
122,1089
122,905
122,900
122,904
122,903
122,898
122,894
122,896
122,901
122,712
122,713
122,719
122,714
122,717
122,720
122,1225
122,1221
122,1218
122,1222
122,1227
122,1229
122,1223
122,1226
122,1220
122,1224
122,1228
122,1219
124,56
124,51
124,53
124,305
125,1364
125,1363
125,1350
125,596
125,591
125,598
125,592
125,90
125,92
126,1412
126,1419
126,1411
126,1418
126,1409
126,1414
126,1413
126,1420
126,1415
126,1417
126,1416
126,41
126,42
126,26
126,46
126,43
126,29
126,27
126,32
126,31
126,37
126,39
126,35
126,44
126,33
126,780
126,774
126,771
126,773
126,778
126,681
126,675
126,678
126,684
126,676
126,679
126,682
126,683
126,685
126,680
126,677
127,836
127,832
127,838
127,842
127,841
127,834
127,825
127,830
127,822
127,819
127,829
127,821
127,820
127,835
127,826
127,837
127,840
127,839
127,828
127,833
127,823
127,831
127,843
127,824
127,681
127,674
127,678
127,683
127,676
127,55
129,256
129,250
129,251
129,249
129,254
129,248
129,564
129,562
129,566
129,568
129,557
129,575
129,554
129,563
129,556
129,571
129,576
129,561
129,553
129,559
129,567
129,573
129,555
129,565
129,552
129,569
129,558
129,1395
129,1394
129,1388
129,1391
129,1389
129,1390
129,1501
129,1487
129,1490
129,1499
129,1505
129,1481
129,1504
129,1502
129,1496
130,183
130,698
130,706
130,703
130,707
130,699
130,705
130,709
130,1006
130,999
130,1010
130,1009
130,1008
130,1004
130,1003
130,1000
130,1007
130,1005
130,1001
133,1347
133,1343
133,1341
133,1348
133,1346
133,1340
133,1349
133,1345
133,1135
133,1125
133,1129
133,1132
133,1127
133,1137
133,1141
133,1131
133,1119
133,1136
133,1139
133,1130
133,1123
133,582
133,583
133,584
133,587
133,585
133,586
133,579
133,577
133,255
133,252
133,257
133,249
133,256
133,253
133,250
133,248
133,247
133,251
133,246
133,254
133,270
133,269
133,258
133,281
133,260
133,105
133,104
133,106
133,107
133,109
133,110
133,99
133,108
133,100
133,103
133,102
133,101
134,628
134,633
134,629
134,620
134,488
134,479
134,486
134,483
134,485
134,484
134,487
134,490
134,480
134,481
134,904
134,902
134,899
134,895
134,901
134,896
134,903
134,894
134,1073
134,1082
134,1066
134,611
134,603
134,529
134,531
134,538
134,528
134,541
134,548
134,527
134,530
134,549
134,536
134,545
134,532
134,544
134,546
134,533
134,537
134,540
134,551
134,547
134,539
134,550
135,1437
135,1443
135,1441
135,1439
135,1434
135,1438
135,1440
135,1436
135,1442
136,166
136,150
136,169
136,167
136,170
136,168
136,156
136,149
136,172
136,171
136,159
136,163
136,154
136,249
136,254
136,255
136,252
136,776
136,775
136,771
136,779
136,778
136,782
136,772
136,1420
136,1159
136,1176
136,1172
136,1160
136,1157
137,1299
137,1297
137,1294
138,144
139,1441
139,1435
139,1440
139,1433
139,525
140,1147
140,1148
140,1152
140,1151
140,1154
140,1150
140,1153
140,1146
140,1149
140,1155
140,1145
140,1144
140,1476
140,1471
140,1478
140,1472
140,1469
140,1477
140,1470
140,1479
140,1474
140,1473
141,821
141,820
141,842
141,828
141,824
141,103
141,102
141,100
141,105
141,104
141,110
141,109
142,963
142,960
142,953
142,958
142,959
142,957
142,961
142,955
142,962
142,259
142,270
142,280
142,264
142,269
142,266
142,282
142,272
142,1010
142,1000
142,1009
142,1008
142,1003
142,296
142,295
142,297
142,304
142,301
142,300
142,302
142,303
142,298
142,299
142,305
145,940
145,941
145,935
145,933
145,932
145,930
145,939
145,931
145,936
145,934
145,1116
145,1114
145,1112
145,1109
145,1110
145,1108
145,1115
145,1111
145,1118
145,1117
147,224
147,240
147,229
147,237
147,227
147,241
147,221
147,222
147,486
147,488
147,484
147,489
147,481
147,485
147,483
147,487
148,708
148,703
148,705
148,701
148,700
148,704
148,702
148,1134
148,1131
148,1127
148,1128
148,1121
148,1122
148,1125
148,1141
148,1136
148,1130
148,1135
148,1119
148,1143
148,1129
148,1123
148,1132
148,1140
148,718
148,713
148,710
148,715
148,714
148,1233
148,1248
148,1242
148,1251
148,1246
148,1249
148,1250
148,1253
148,1236
148,1234
148,1231
148,1244
148,1232
148,1252
148,1240
148,1247
148,1238
148,1237
148,1245
148,1243
148,1239
151,1112
151,1113
151,1110
151,950
151,947
151,945
151,944
151,948
151,946
151,333
151,338
151,339
151,336
151,335
151,1261
151,1256
151,1262
151,1257
151,1263
151,1472
151,1480
152,307
152,327
152,323
152,325
152,319
152,257
152,95
152,96
152,89
152,88
152,90
152,87
152,196
152,198
152,212
152,211
152,207
152,219
152,209
152,202
152,1068
156,1348
156,1349
156,1341
156,1342
156,1340
156,1347
158,1018
158,1032
158,1019
158,1026
158,1013
158,1015
158,1014
158,1011
158,1034
158,1030
158,1029
158,1027
158,1024
158,1033
158,1020
158,1016
158,1017
158,1022
158,1028
158,1031
158,1021
158,1023
158,1025
158,1012
158,544
158,541
158,539
158,545
158,532
158,549
158,535
158,533
158,527
158,534
158,542
158,548
158,528
158,530
158,540
163,15
163,17
163,11
163,8
163,6
163,825
163,823
163,837
163,838
163,831
163,824
163,840
163,822
163,834
163,826
163,832
163,841
163,830
163,821
163,833
163,836
163,835
163,819
163,842
163,827
165,599
165,600
165,592
165,593
165,597
165,596
165,590
165,594
165,589
165,1109
165,728
165,730
165,726
165,724
165,723
165,727
165,732
165,722
165,731
165,725
165,733
165,729
165,355
165,344
165,352
165,345
165,348
165,351
165,353
166,863
166,845
166,848
166,850
166,852
166,866
166,860
166,865
166,846
166,862
166,844
166,858
166,854
166,847
166,867
166,855
166,853
166,859
166,849
166,868
166,857
166,738
166,752
166,740
166,755
166,749
166,756
166,1378
166,1383
166,1377
166,1375
166,1376
166,1385
166,1379
167,844
167,866
167,858
167,849
167,868
167,856
167,862
167,847
167,855
167,865
167,859
167,853
167,857
167,852
167,845
167,863
167,848
167,867
167,864
167,851
167,860
167,850
167,846
167,854
167,861
167,729
167,733
167,724
167,725
167,959
167,957
167,955
167,960
167,953
167,679
167,678
167,685
167,675
167,682
167,683
167,676
167,674
167,681
167,677
167,680
167,684
168,759
168,761
168,1040
168,1037
168,1057
168,1039
168,1052
168,1035
168,1044
168,1043
168,1038
168,1046
168,1050
168,1058
168,1054
168,1049
168,1053
168,1051
168,1041
168,1047
168,1056
168,385
168,403
168,395
168,392
169,843
169,828
169,842
169,838
169,830
169,819
169,824
169,826
169,821
169,839
169,825
172,445
172,443
172,446
172,448
172,451
172,444
172,450
172,453
172,447
172,452
173,638
173,645
173,641
173,639
173,648
173,643
173,702
173,698
173,708
173,701
173,700
173,707
173,706
173,1343
173,1339
173,1346
173,1344
173,1341
173,1290
173,1281
173,1274
173,1268
173,1288
173,1282
173,1287
173,1266
173,1278
173,1280
173,1269
173,1271
173,1277
173,1285
173,1272
173,1284
173,1270
173,1273
173,516
173,524
173,523
173,518
173,526
173,522
173,517
173,332
173,335
173,343
173,333
173,336
173,339
173,340
173,341
173,338
173,342
173,334
173,337
174,1148
174,1147
174,1153
174,1145
174,1461
174,1446
174,1468
174,1462
174,1450
174,1444
174,1455
174,1453
174,585
174,577
174,581
174,951
174,947
174,952
174,944
174,946
174,949
174,948
174,950
174,943
175,782
175,771
175,781
175,777
175,780
175,775
175,779
175,772
175,773
175,778
175,776
175,774
175,482
175,489
175,483
175,487
175,486
175,480
175,479
175,490
175,481
175,484
175,1427
175,1421
175,1423
175,1428
175,1425
175,1426
175,1430
177,1332
177,1334
177,1337
177,1330
177,1327
177,1328
177,1333
177,1335
177,1329
177,1336
177,781
177,780
177,773
177,782
177,775
177,772
177,776
177,779
177,771
177,777
177,774
177,1118
177,1117
177,1115
177,1108
177,1112
177,1114
177,955
177,107
177,106
177,99
177,103
177,104
177,109
177,101
177,110
177,102
179,395
179,948
179,947
179,946
179,952
179,950
179,945
179,942
179,944
179,1177
179,1157
179,1162
179,1160
179,1163
179,1176
179,1158
179,1175
179,1164
179,1156
179,1168
179,1172
179,150
179,170
179,154
179,166
179,479
179,485
179,488
179,484
179,489
179,481
179,490
181,91
181,90
181,285
181,291
181,286
181,292
181,288
181,287
181,293
181,284
181,179
181,184
181,180
181,176
181,175
181,181
181,957
181,955
181,956
181,961
181,1025
181,1022
181,1027
181,935
181,936
181,933
181,931
181,934
181,940
181,937
181,930
181,941
181,932
181,939
183,752
183,757
183,741
183,748
183,745
183,992
183,996
183,990
183,988
183,995
183,994
183,993
183,997
183,827
183,828
183,830
183,826
183,836
183,841
183,823
183,842
183,831
183,838
183,835
183,37
183,35
183,32
183,45
183,47
184,1103
184,1102
184,1097
184,1105
184,1106
184,1100
184,1099
184,1107
184,1104
184,1096
184,1098
184,1101
184,842
184,822
184,840
184,827
184,828
184,833
184,839
184,826
184,838
184,824
184,836
184,831
184,834
184,180
184,183
184,181
184,176
185,1116
185,1109
185,1113
185,1118
185,1110
185,1112
185,1111
185,1117
185,417
185,406
185,408
185,416
185,411
185,407
185,409
185,413
185,415
185,410
185,412
185,1012
185,1029
185,1021
185,1016
185,1034
185,813
185,811
185,808
185,809
185,816
185,818
185,815
185,812
185,817
185,810
185,814
185,1080
185,1060
185,1083
185,1071
185,1081
185,1084
190,517
190,521
190,518
190,200
190,208
190,201
190,202
190,215
190,205
190,213
190,203
190,212
190,219
190,209
190,197
190,217
190,207
190,220
190,204
190,210
190,198
190,199
190,206
190,196
190,218
190,216
190,214
190,830
190,836
190,827
190,832
190,825
190,831
190,843
190,829
190,823
190,837
190,826
190,820
190,824
190,642
190,639
190,647
190,641
190,643
190,649
190,640
190,638
190,646
190,645
190,644
190,648
190,1409
190,1415
190,1410
190,1418
190,1413
191,249
191,253
191,119
191,120
191,135
191,134
191,117
191,123
191,115
191,116
191,122
191,112
191,126
191,129
191,128
191,127
191,133
191,114
191,118
191,124
191,111
191,132
191,125
191,113
191,121
191,131
191,130
191,1295
191,1298
191,1292
191,1299
191,1294
191,1301
191,1300
191,1293
191,1296
191,1297
191,1015
193,1192
194,221
194,244
194,243
194,229
194,236
194,227
196,1395
196,296
196,306
196,304
196,303
196,398
196,386
196,390
196,404
196,395
196,393
196,385
196,389
196,388
196,381
196,396
196,394
196,387
196,399
196,384
196,402
196,397
196,400
196,405
196,1351
196,1364
196,1363
196,1373
196,1365
196,1362
196,1350
197,139
197,137
197,136
197,147
197,138
197,143
197,144
197,142
197,140
197,145
197,141
197,146
197,288
197,290
197,293
197,294
197,291
197,722
197,726
197,730
197,725
197,727
197,732
197,733
197,731
197,729
197,723
197,728
197,724
197,721
197,713
197,712
197,718
197,716
197,720
198,1392
198,1386
198,912
198,907
198,841
198,826
198,843
198,819
198,820
198,842
198,834
198,823
198,831
198,828
198,837
200,99
200,106
200,104
200,108
200,107
200,103
200,110
200,101
200,1422
200,1427
200,1421
200,1429
200,362
200,380
200,367
200,363
200,369
200,359
200,371
200,360
200,365
200,376
200,374
200,361
200,357
200,356
200,379
200,373
200,368
200,358
200,375
200,378
200,364
202,22
202,18
202,19
202,0
202,10
202,16
202,8
202,2
202,20
202,3
202,1
202,17
202,14
202,5
202,24
202,11
202,9
202,15
202,6
204,116
204,115
204,123
204,134
204,119
204,130
204,129
204,117
204,131
204,122
204,126
204,124
204,125
204,114
204,1095
204,1092
204,1090
204,1093
204,1087
204,1094
204,1089
204,1086
204,1091
204,1088
206,1111
206,1113
206,1093
206,864
206,856
206,861
206,847
206,866
206,848
206,863
206,851
206,846
207,233
207,243
207,231
207,235
207,237
207,223
207,229
207,241
207,240
207,242
207,228
207,239
207,222
207,238
207,244
207,225
207,224
207,227
207,230
207,234
207,245
207,226
207,607
207,609
207,611
207,602
207,603
207,593
207,599
207,596
207,598
208,1167
208,1158
208,1177
208,1174
208,1180
208,1164
208,1176
208,1171
208,1166
208,1168
208,1179
208,1163
208,1173
208,975
208,973
208,976
208,978
208,974
208,977
208,986
208,966
208,965
208,987
208,1438
208,1434
208,1441
208,1435
208,1443
208,1440
208,1442
208,1101
208,1103
208,1097
208,1096
208,1107
208,1100
208,1106
208,1104
208,1102
208,1098
208,1099
208,1105
211,455
211,459
211,585
211,577
211,580
211,1314
211,1321
211,1323
211,1324
211,1316
211,1303
211,1318
211,1315
211,1309
211,1313
211,1311
211,1304
211,1305
211,1319
211,1325
211,1322
211,1306
211,1320
211,1308
211,1317
211,1307
211,1310
211,523
211,516
211,521
211,519
211,524
211,517
211,518
211,522
211,526
211,525
211,920
211,924
211,540
211,534
211,545
211,537
211,529
211,532
211,543
211,531
211,528
211,544
211,533
211,549
211,548
211,535
211,536
211,527
211,539
211,550
211,530
211,538
211,551
211,546
211,542
211,541
213,1237
213,1231
213,1249
213,1235
213,1433
213,536
213,549
213,546
213,539
213,528
213,544
213,534
213,547
213,532
213,551
213,530
213,531
213,527
213,540
213,529
213,533
213,541
213,537
213,542
213,548
213,545
213,550
213,535
213,538
213,552
213,557
213,559
213,554
213,569
213,560
213,564
213,573
213,574
213,576
213,562
213,445
213,450
213,449
213,451
213,454
213,448
213,443
214,256
214,219
214,202
214,201
214,214
214,198
214,209
214,206
214,196
214,218
214,211
214,213
214,207
214,205
214,197
214,199
214,217
214,208
214,203
214,204
214,832
214,841
214,840
214,838
214,823
214,843
214,824
214,842
214,828
214,833
214,827
214,837
214,834
214,830
214,829
214,820
214,419
214,433
214,434
214,421
214,425
214,441
214,424
214,422
214,439
214,418
214,432
214,427
214,420
214,431
214,436
214,442
214,437
214,430
216,1173
216,1164
216,777
216,780
216,772
216,779
216,773
216,776
216,778
216,1263
216,1260
216,1255
216,1264
216,1259
216,1258
216,1261
218,492
218,508
218,501
218,708
218,703
218,702
218,707
218,701
218,705
218,698
218,700
218,704
218,596
218,591
218,599
218,598
218,590
218,594
218,595
218,592
218,589
218,154
218,162
218,153
218,148
218,156
218,172
218,163
219,939
219,930
219,933
219,940
219,936
219,1347
219,1340
219,1343
219,1344
219,1349
219,1348
219,294
219,289
219,286
219,293
219,291
219,285
219,292
219,288
221,1223
221,1222
221,1229
224,83
224,85
224,74
224,1377
224,1376
224,1374
224,1383
224,1378
224,1384
224,1382
225,669
225,666
225,663
225,670
225,1343
225,1344
227,1117
227,1108
227,1109
227,1118
227,1110
227,1113
227,1116
229,1358
229,1354
229,1362
229,1360
229,1364
229,1359
229,1368
229,1350
229,1373
229,1352
229,1372
229,1366
229,1365
229,1367
229,1353
229,1371
229,1363
229,1370
229,1369
229,1351
229,1357
229,1361
230,583
230,588
230,338
230,342
230,343
230,332
230,339
230,959
230,954
230,1349
230,1346
230,1343
230,1348
230,1344
230,1340
230,1347
230,1342
231,451
231,448
231,443
231,447
231,453
231,454
231,445
231,449
231,446
231,444
231,450
231,1453
231,1464
231,1465
231,1446
231,1457
231,1454
231,1451
231,1459
231,1468
231,1458
231,1452
231,1013
232,189
232,194
232,187
232,186
232,191
232,192
232,193
232,195
232,291
232,287
232,290
232,284
232,286
232,294
232,1294
232,1296
232,1293
232,1298
232,45
232,38
232,39
232,30
232,48
232,46
232,47
232,49
232,42
232,35
232,34
232,43
232,33
232,40
232,32
232,25
232,41
232,27
232,31
232,37
232,738
232,751
232,734
232,757
232,747
232,742
232,755
232,740
232,748
232,746
232,749
232,750
232,741
232,737
232,745
232,754
232,752
232,758
234,242
234,228
234,238
234,239
234,240
234,234
234,231
234,224
234,225
234,244
234,245
234,235
234,222
234,226
234,243
234,229
234,223
234,241
234,233
234,221
234,622
234,617
234,630
234,628
234,626
234,620
234,613
234,632
234,635
234,633
234,636
234,625
237,620
237,622
237,637
237,621
237,619
237,618
237,624
237,628
237,625
237,635
237,629
237,634
237,616
237,613
237,617
237,630
237,626
237,632
237,627
237,614
237,633
237,615
237,631
237,636
237,623
237,1465
237,1459
237,1448
237,1464
237,1462
237,1447
237,1466
237,1445
237,1446
237,1460
237,1468
237,1458
237,1450
237,1455
237,1444
237,1461
237,1454
237,1467
237,1449
237,1452
237,1451
237,1453
237,1463
237,226
237,221
237,238
237,225
237,231
237,242
237,227
237,244
237,243
237,230
237,502
237,499
237,506
237,508
237,496
237,503
237,498
237,511
237,507
237,504
239,365
239,356
239,375
239,374
239,360
239,366
239,367
239,372
239,368
239,371
239,378
239,373
239,363
239,364
239,358
239,362
239,357
239,361
239,359
239,613
239,614
239,620
239,633
239,621
239,618
239,629
239,623
239,622
239,628
239,630
239,619
239,615
239,637
239,617
239,635
239,625
239,624
239,626
239,935
239,936
239,937
239,938
239,941
239,930
239,934
239,939
239,931
239,940
239,932
239,949
239,943
239,944
239,946
239,950
239,948
239,952
239,123
239,131
239,117
239,130
239,121
239,126
239,135
239,127
239,129
239,128
239,114
239,113
239,120
239,116
239,119
240,1092
240,1085
240,1086
244,863
244,850
244,859
244,867
244,865
244,853
244,856
244,845
244,1001
244,798
244,801
244,795
244,790
244,804
244,799
244,791
244,806
244,787
244,785
244,667
244,673
244,663
244,664
244,665
244,662
244,672
244,670
244,666
244,668
244,179
244,814
244,809
244,811
244,812
244,813
244,817
244,810
244,818
244,808
244,816
244,815
245,427
245,437
245,441
246,481
246,490
246,489
246,483
246,484
246,485
246,487
246,480
246,791
246,795
246,793
246,794
246,792
246,784
246,797
246,805
246,799
246,787
246,807
246,796
246,785
246,788
246,783
246,790
246,803
246,800
246,1109
246,1115
246,171
246,149
246,163
246,151
246,172
246,938
246,931
246,941
246,935
246,939
246,930
246,934
247,692
247,696
247,693
247,688
247,686
247,691
247,690
247,697
247,694
247,695
247,689
247,687
248,156
248,154
248,170
248,165
248,161
248,160
248,148
248,158
248,162
248,164
248,153
248,163
248,167
248,169
248,150
248,168
248,157
248,159
248,151
248,152
248,166
248,149
248,155
248,172
248,306
248,300
248,1428
249,1086
249,1087
249,1092
249,1089
252,1272
252,1285
252,1279
252,1286
252,1282
252,1267
252,1113
252,1117
252,1112
252,1111
252,1118
252,1114
252,1108
252,1110
252,1116
253,1253
253,1243
253,1248
253,1251
253,1232
253,1240
253,1235
253,1250
253,1244
253,1247
253,1252
253,340
253,334
253,337
253,338
253,342
253,341
253,335
253,336
253,339
253,343
253,332
256,47
256,44
256,35
256,49
256,45
256,36
256,43
256,33
256,39
256,28
256,32
256,41
256,48
256,42
256,31
256,40
256,30
256,26
256,34
256,38
256,466
256,456
256,462
256,458
256,465
256,579
256,587
256,583
256,580
256,585
256,584
256,1396
256,1397
256,1392
257,1150
259,695
259,690
259,688
259,689
259,693
259,697
259,692
259,691
259,687
259,694
259,696
259,81
259,72
259,526
259,525
259,516
259,523
259,515
259,524
259,517
259,522
260,805
260,788
260,787
260,800
260,798
260,786
260,236
260,242
260,224
260,234
260,232
260,244
260,235
260,243
260,228
260,231
260,225
260,223
260,241
260,237
260,238
260,233
260,229
260,222
260,118
260,134
260,133
260,125
260,111
262,181
262,175
262,1223
262,1219
262,1221
263,1007
263,1008
263,1002
263,687
263,695
263,690
263,692
263,689
263,688
263,697
263,660
263,657
263,659
263,651
263,655
263,650
263,653
263,654
263,658
264,1261
264,1258
264,1265
264,1256
264,1260
264,1259
264,1093
264,1088
264,1092
264,1091
265,75
265,78
265,80
265,68
265,74
265,63
265,79
265,82
265,127
265,118
265,133
265,122
265,126
265,135
265,1276
265,830
265,832
265,838
265,841
265,824
265,825
265,833
265,823
265,826
265,837
265,839
265,843
265,827
265,840
265,829
265,821
265,514
265,511
265,503
265,509
265,492
265,58
265,61
265,60
265,59
266,478
266,473
266,1339
266,1344
266,1341
266,1345
266,1346
266,1343
266,1340
266,1349
266,1348
266,1342
266,1347
266,1502
266,1487
266,1486
266,1491
266,1483
266,1504
266,1505
269,572
269,564
269,576
269,568
269,560
269,553
269,573
269,567
269,555
269,571
269,24
269,12
269,2
269,10
269,16
269,4
269,534
269,539
269,531
269,549
269,538
269,536
269,540
269,545
269,530
269,546
269,543
269,528
269,532
269,541
269,550
269,533
269,548
269,544
269,529
269,547
269,542
269,537
269,551
270,1149
270,1153
270,1358
270,1363
270,1360
270,1368
270,1357
270,1353
270,1362
270,1355
270,1371
270,1351
270,1356
270,1350
270,1372
270,1354
270,894
270,898
270,905
270,1374
270,1378
270,1383
270,1385
270,1381
270,1379
270,1375
270,1384
270,1380
270,1382
270,304
270,301
270,302
270,297
270,298
271,125
271,134
271,123
271,115
271,111
271,124
271,122
271,121
271,127
271,130
271,118
271,113
271,129
271,120
271,131
271,119
271,135
271,116
271,132
271,133
271,126
271,114
272,1118
272,1112
272,1111
272,1113
272,1114
272,1115
272,1108
272,1117
272,1110
274,945
274,946
274,952
274,948
274,949
274,447
274,452
274,451
274,446
274,454
274,449
274,986
274,965
274,970
274,969
274,985
274,964
274,974
274,982
274,971
274,968
274,987
274,967
274,976
274,975
274,981
274,978
274,984
274,966
274,980
274,895
274,902
274,901
274,896
274,894
274,900
274,898
274,899
274,845
274,854
274,856
274,865
274,850
274,859
274,862
274,851
274,846
277,909
277,910
277,913
277,911
277,906
277,912
277,916
277,915
277,907
277,152
277,156
277,149
277,164
277,155
277,162
277,169
277,163
277,161
277,167
277,151
277,157
277,154
277,171
277,1259
277,1265
277,1254
277,1258
277,1264
277,1255
277,1257
277,1256
277,1261
277,1262
277,1260
277,1263
277,429
277,421
277,436
277,437
277,422
277,433
277,438
277,431
277,430
277,432
277,424
277,425
277,1086
277,1088
277,1087
277,1091
277,1095
277,1093
277,1092
277,1089
277,1094
278,713
278,716
278,719
278,853
278,856
278,860
278,852
278,850
278,848
278,854
278,858
278,859
278,863
278,845
278,865
278,864
278,857
278,844
278,851
278,847
278,868
278,846
279,369
279,357
279,376
279,360
279,380
279,379
279,367
279,363
279,378
279,358
279,377
279,366
279,364
279,370
279,362
279,361
279,371
279,375
279,814
279,813
279,818
279,811
279,810
279,715
279,710
279,711
279,719
279,1443
279,1436
280,1227
280,1225
280,1212
280,1217
280,1213
280,1211
280,1193
280,1202
280,1199
280,1210
280,1201
280,1206
280,1194
280,1214
280,1205
280,1197
280,1215
280,1204
280,1209
280,1195
280,1203
280,1196
280,1208
280,1200
280,1207
280,1198
280,1216
283,1033
283,1386
283,1388
284,1138
284,1134
284,1126
284,1132
284,1131
284,1120
284,1135
284,1124
284,1142
284,1143
284,1137
284,1127
284,1136
284,1128
284,1122
284,1123
284,1139
284,1140
284,1121
284,1141
284,1323
284,1306
284,1313
284,1321
284,1325
284,1326
284,1310
284,1318
284,1317
284,1322
284,1320
284,1311
284,920
284,928
284,923
284,921
284,925
284,924
284,285
284,288
284,291
284,290
284,422
284,421
284,424
284,430
284,432
284,427
284,423
284,428
284,436
284,426
284,419
284,418
284,434
284,438
285,597
285,591
285,598
285,594
285,592
285,759
285,760
285,764
285,769
285,762
285,766
285,765
285,767
285,763
285,761
285,770
285,768
286,1386
286,1395
286,1397
286,1390
286,1391
286,1396
286,1389
286,1393
286,1394
286,1392
286,1388
286,1387
286,1377
286,1376
286,1385
286,1374
286,1378
286,1384
286,1380
286,1382
286,484
286,489
286,487
286,479
286,485
286,612
286,608
286,1234
286,1248
286,1235
286,1231
286,1243
286,1230
286,1252
286,1244
286,1237
286,1251
286,1239
286,1233
286,1242
286,1241
286,1250
286,1238
286,1253
286,1247
286,1246
286,1236
288,945
288,950
288,947
288,949
288,943
288,942
288,948
288,944
288,946
288,844
288,862
288,866
288,868
288,867
288,845
288,847
288,863
288,860
288,855
288,858
288,850
288,851
288,864
288,846
288,853
288,852
288,865
288,857
288,854
288,861
288,849
288,81
288,69
288,65
288,86
288,64
288,726
288,727
288,725
288,729
288,724
288,730
288,733
288,723
288,34
288,42
288,35
288,49
288,39
288,47
288,38
288,45
288,30
288,25
288,40
288,48
289,813
289,812
289,811
289,809
289,1035
289,1036
289,1387
289,1394
289,1392
289,1391
289,1386
291,1012
291,1020
291,1022
291,1023
291,1033
291,1016
291,1019
291,1014
291,1013
291,1026
291,1025
291,1034
291,1027
291,1021
291,1017
291,1024
292,692
292,689
292,694
292,686
292,695
292,691
292,697
292,687
292,1323
292,1302
292,1308
292,1304
292,1326
292,1315
292,1322
292,1324
292,1316
292,1307
292,1310
292,1306
292,1314
292,1303
292,1317
292,1312
292,1321
292,1320
292,1311
292,1309
292,104
292,108
292,100
292,103
292,101
292,174
293,206
293,1184
293,1186
293,1188
293,1185
293,1192
293,857
293,143
293,138
293,140
293,144
293,732
293,726
293,723
293,733
293,725
293,730
293,728
293,727
295,1295
295,1301
295,1298
295,1299
295,1297
295,1300
295,1291
295,1296
295,1294
295,1069
295,1083
295,1077
295,1061
295,1074
295,1071
295,1064
295,1079
295,1062
295,1073
295,1084
295,1065
295,1075
295,1081
295,1078
295,1068
295,1070
295,1076
295,635
295,613
295,630
295,620
295,634
295,618
295,625
295,628
295,626
295,627
295,614
296,645
296,642
296,176
296,173
296,177
296,485
296,481
296,488
296,484
296,479
296,39
296,48
296,46
296,33
296,38
296,32
296,30
296,36
296,31
296,44
296,25
296,45
296,27
296,49
296,47
296,1442
296,1440
296,1433
296,1437
296,1436
296,1338
296,1332
296,1329
296,1328
296,1334
296,1337
296,1333
296,1330
296,1336
296,1335
296,1327
297,759
297,769
297,764
297,760
297,766
297,765
297,768
297,763
297,770
297,767
297,762
297,761
297,337
297,335
297,332
297,333
297,338
297,343
297,340
297,339
297,341
297,336
297,334
297,710
297,715
297,1433
297,1436
297,1434
297,1437
297,1438
297,1435
297,625
297,637
297,623
297,614
297,630
297,613
297,617
297,634
297,629
297,615
297,633
297,628
297,620
297,621
297,624
297,626
297,632
299,702
299,703
299,701
299,704
299,709
299,705
301,1067
301,1376
301,1379
301,1375
301,1374
301,1383
301,1382
301,1384
301,1385
301,1381
301,1377
301,1192
301,1189
301,1188
301,387
301,394
301,393
301,403
301,405
301,396
301,381
301,395
301,397
301,390
302,898
302,905
302,1347
302,1339
302,1343
302,1342
302,1341
302,1346
302,1348
302,1345
302,1344
302,1459
302,1461
302,1462
302,1460
302,1445
302,1454
302,1453
302,1464
302,1455
302,1458
302,1447
302,1450
302,1446
302,1467
302,170
302,169
302,148
302,158
302,166
303,657
303,661
303,659
303,654
303,652
303,1437
303,1432
303,1436
303,1439
303,1441
303,1434
303,1440
303,1438
303,1443
303,368
303,378
303,369
303,374
303,356
303,375
303,367
303,361
303,357
303,380
304,890
304,881
304,889
304,888
304,876
304,886
304,871
304,874
304,875
304,884
304,891
304,880
304,878
304,872
304,879
304,882
304,877
304,771
304,781
304,780
304,779
304,782
304,341
305,1113
305,1110
305,1109
305,1115
305,1117
305,1114
305,1116
305,1147
305,1154
305,1145
305,1148
305,1152
305,1151
305,1146
305,1149
305,1144
305,1155
305,1153
305,765
305,762
305,767
305,760
305,768
305,763
305,769
305,770
305,764
305,766
305,759
305,1293
305,1297
305,1299
305,1300
305,1301
305,1294
305,310
305,314
305,316
305,312
305,324
305,307
305,322
305,329
305,319
305,327
305,321
305,325
305,330
305,328
305,317
305,315
305,308
305,320
305,309
305,318
305,323
305,311
305,313
305,326
307,607
307,609
307,845
307,862
307,868
307,850
307,844
307,854
307,849
307,865
307,851
307,848
307,863
307,856
307,852
307,859
307,853
307,867
307,857
307,847
307,858
308,1264
308,1257
308,1255
308,1258
308,1262
308,1265
308,1256
308,1254
308,1263
308,1128
308,1127
308,1124
308,1126
308,1120
308,1136
308,1122
308,1132
308,1121
308,1008
308,1010
308,1005
308,1003
308,999
308,1007
308,1000
308,1001
308,1006
308,876
308,872
311,1116
311,1108
311,1115
311,1109
311,1111
311,1113
311,1117
311,1110
311,1118
311,1114
311,1432
311,1443
311,1433
311,1434
311,335
311,332
311,336
311,340
311,341
312,1232
312,1250
312,1237
312,1249
312,1253
312,1233
312,1230
312,1246
312,1241
312,1231
312,1248
312,1240
312,1235
312,1244
312,1236
313,318
313,326
313,316
313,328
313,331
313,325
313,327
313,329
313,315
313,312
313,321
313,330
313,323
313,308
313,311
313,324
313,314
313,317
313,319
313,320
313,309
313,779
313,773
313,778
313,782
314,480
314,489
314,484
314,490
314,481
314,485
314,479
314,345
314,351
314,344
314,353
314,355
314,352
314,349
314,346
314,348
314,530
314,528
314,534
314,533
314,551
314,550
314,538
314,544
314,547
314,543
314,542
314,535
314,536
314,548
314,546
314,532
314,537
314,527
314,540
314,531
314,541
314,996
314,989
314,993
314,998
314,994
314,990
314,995
314,997
315,695
315,694
315,689
315,844
315,863
315,859
315,849
315,865
315,851
315,852
315,1113
315,1110
315,1111
315,1115
315,1109
315,1118
315,1116
315,1108
315,1112
315,1117
318,556
318,571
318,555
318,563
318,559
318,562
318,570
318,553
318,557
318,576
318,569
318,574
318,560
318,552
318,572
318,565
318,561
318,558
318,573
318,567
318,566
318,564
318,991
318,997
318,995
318,990
318,998
318,992
318,994
318,988
318,993
318,996
318,684
318,676
318,1146
318,1155
318,1149
318,1151
318,1152
318,457
318,465
318,458
318,464
318,459
318,455
318,462
318,463
318,460
318,1233
318,1236
318,1249
318,1237
318,1239
318,1247
318,1235
318,1252
318,1238
318,1251
318,1230
318,1242
318,1253
318,1231
318,1248
318,1234
318,1240
318,1244
318,1246
318,1243
318,1241
318,1250
318,1245
319,245
319,233
319,224
319,222
319,239
319,229
319,238
319,244
319,227
319,242
319,228
319,231
319,225
319,235
319,234
319,236
319,232
319,240
319,230
319,243
319,226
319,241
319,237
319,442
319,418
319,441
319,424
319,427
319,420
319,423
319,433
319,422
319,430
319,431
319,421
319,432
319,437
319,436
319,440
319,419
319,425
319,435
319,438
319,434
319,1108
319,1113
319,1110
319,1112
319,1111
319,1114
322,706
322,701
322,703
322,708
322,702
322,709
322,707
322,700
322,333
322,334
322,341
322,342
322,339
322,338
322,343
322,653
322,654
322,660
322,652
322,650
322,298
324,99
324,103
324,106
324,108
324,101
324,109
324,102
324,104
324,105
324,100
324,110
324,107
324,642
324,649
324,638
324,644
324,639
324,648
324,645
324,643
324,1114
324,1109
324,1118
324,1111
324,1108
324,178
324,181
324,173
324,182
324,179
324,183
324,180
324,174
324,184
324,175
326,1358
326,1351
326,1356
326,774
326,771
326,773
326,772
326,775
326,779
326,778
326,777
326,780
326,782
327,1479
327,1480
327,1478
327,1469
327,1470
327,1473
327,1475
327,1477
327,1471
327,1503
327,1487
327,1491
327,1484
327,1488
327,1499
327,1494
327,762
327,760
327,761
330,455
330,456
330,460
330,464
330,463
330,458
330,862
330,855
330,851
330,859
330,854
330,844
330,856
330,857
330,845
330,860
330,858
330,848
330,864
330,863
330,850
330,849
330,846
330,866
330,868
330,852
330,847
330,853
330,867
330,865
337,537
337,536
337,550
337,534
337,529
337,540
337,531
337,541
337,532
337,533
337,542
337,527
337,535
337,528
337,175
337,181
337,177
337,183
337,179
337,174
337,173
337,184
337,180
337,178
337,182
337,933
337,932
337,936
337,934
337,939
337,937
337,930
337,940
337,941
337,722
337,729
337,727
337,728
337,725
337,733
337,726
337,724
337,731
337,723
337,730
337,235
337,224
337,238
337,240
337,226
337,241
337,236
337,228
337,244
337,237
337,245
337,229
337,222
337,232
337,223
337,239
337,242
337,1291
339,1487
339,1500
339,1491
339,1498
339,1494
339,1504
339,1493
339,1482
339,1501
339,144
339,138
339,145
339,137
339,142
339,136
339,146
339,139
339,140
339,143
339,141
341,498
341,497
341,506
341,514
341,499
341,510
341,496
341,493
341,502
341,512
341,507
341,505
341,504
341,495
341,494
343,1409
343,1412
343,1328
343,1329
343,1336
343,1327
343,1331
344,946
344,950
344,952
344,947
344,945
344,949
344,943
344,951
344,289
344,292
344,290
344,288
344,293
344,291
344,284
344,285
344,286
344,1093
344,1090
344,1091
344,1094
344,1095
344,1089
344,1088
344,1086
344,395
344,391
344,384
344,389
344,381
344,402
344,385
344,390
344,398
344,392
344,386
344,382
344,404
344,397
344,403
344,394
344,383
344,396
344,1293
344,1298
344,1300
344,1296
344,1297
344,1291
344,1299
344,1294
345,701
345,707
345,704
345,708
345,698
345,709
345,699
345,702
345,706
345,705
345,703
345,700
345,1243
345,1234
345,1242
345,1239
345,1248
345,1237
345,1252
345,1253
345,59
345,53
345,61
345,55
345,52
345,50
345,56
345,54
345,103
345,105
345,104
345,108
345,99
345,106
345,110
345,107
345,488
345,479
345,482
345,484
345,490
345,486
345,515
345,522
345,520
345,523
345,524
345,526
348,948
349,934
349,936
349,940
349,930
349,941
349,510
349,500
349,493
349,497
349,509
349,507
349,513
349,502
349,494
349,506
349,514
349,492
349,499
349,498
349,501
349,512
349,504
349,508
349,231
349,240
349,233
349,228
349,225
349,224
349,234
349,230
349,229
349,242
349,227
349,236
349,221
349,239
349,243
349,249
349,252
349,251
349,248
350,737
350,745
350,747
350,738
350,752
350,742
350,739
350,751
350,736
350,522
350,250
350,254
350,246
350,255
351,1005
351,1010
351,1004
351,1006
351,1000
351,1002
351,1007
351,999
351,1008
351,1392
351,1389
351,1387
351,1386
351,1396
351,1107
351,1099
351,1103
351,1100
351,1096
351,1104
351,1097
351,1101
351,1106
351,1264
351,1255
351,1257
351,1259
351,1254
351,1262
351,1265
351,1261
351,1258
351,1263
351,1260
351,1256
351,499
351,492
351,513
351,493
351,503
351,505
351,491
351,500
351,510
351,495
351,507
351,504
351,514
351,494
351,1215
351,1212
351,1206
351,1201
351,1195
351,1196
351,1203
351,1194
351,1210
351,1214
351,1216
351,1207
351,1202
351,1200
351,1209
353,101
353,107
353,106
353,99
353,100
353,108
353,105
353,110
353,109
353,104
353,65
353,76
353,84
353,80
353,71
353,72
353,70
353,82
353,86
353,67
353,79
353,85
353,68
354,500
354,506
354,512
354,502
354,509
354,492
354,501
354,504
354,495
354,514
354,503
354,505
354,498
354,491
354,496
354,508
354,499
354,513
354,510
354,507
354,1242
354,1250
354,1236
354,688
354,691
354,696
354,695
354,693
354,686
354,692
354,697
354,694
354,689
354,687
355,1195
355,1201
355,1202
355,1211
355,1214
355,1206
355,1213
355,1193
355,1215
355,1216
355,1199
355,1212
355,1209
355,1207
355,1208
355,1204
355,1198
355,1194
355,695
355,692
355,552
355,574
355,1270
355,1289
355,1273
355,1282
355,1280
355,460
355,464
355,457
355,461
355,459
355,455
355,458
355,465
355,923
355,921
355,929
355,928
355,927
355,920
355,926
355,925
356,791
356,191
356,185
356,187
356,1353
356,1367
356,1350
356,1366
356,1356
356,1354
356,1371
356,1357
356,1361
356,1360
356,1355
356,1352
356,1363
356,1373
356,1362
356,1365
356,1359
356,1370
356,1364
356,1351
356,1372
362,952
362,946
362,945
362,947
362,948
362,944
362,949
362,950
362,942
362,943
362,951
362,253
362,250
362,257
362,248
362,254
362,246
362,247
362,256
362,255
362,770
362,769
362,764
362,762
362,768
362,104
362,109
362,108
362,105
362,294
362,287
362,286
363,382
363,389
363,399
363,394
363,392
363,396
363,388
363,384
363,403
363,386
363,390
363,381
363,393
363,401
363,391
363,402
363,397
363,385
363,387
363,1247
363,1234
363,1232
363,1253
363,1238
363,1245
363,1236
363,1248
363,1235
363,1230
363,1243
363,1251
363,1246
363,1242
364,641
364,644
364,648
364,647
364,646
364,639
364,643
364,645
364,638
369,487
369,489
369,483
369,482
369,485
369,488
369,484
369,486
369,480
369,479
369,490
369,481
371,1402
371,1406
371,1404
371,1403
371,1408
371,1407
371,1401
371,1400
371,1405
371,835
371,822
371,842
371,830
371,836
371,841
371,834
371,819
371,823
371,838
371,839
371,820
371,832
371,828
371,833
371,1326
371,1304
371,1308
371,1307
371,1303
371,1321
371,1309
371,1312
371,1325
371,1324
371,1319
371,1323
371,1311
371,1316
371,1310
371,1305
371,1302
371,858
371,850
371,857
371,856
371,862
371,852
371,853
371,864
371,865
371,868
371,844
371,854
371,849
371,860
371,845
371,859
371,866
371,848
371,861
371,1188
371,1187
371,1190
371,1181
371,1182
371,1185
371,1183
372,1424
372,1422
372,1425
372,1252
372,1242
372,1250
372,1235
372,1244
372,1253
372,1238
372,1230
372,1247
372,1240
372,1236
372,1243
372,1248
372,1282
372,1280
372,1268
372,1288
372,1273
372,1272
372,1276
372,1287
372,1283
372,1277
372,820
372,825
372,836
372,833
372,841
372,831
372,826
372,839
372,832
372,824
372,835
372,842
372,840
372,843
372,838
372,142
372,136
372,138
372,137
372,146
372,145
372,140
372,139
372,143
372,147
372,144
372,50
372,52
372,53
372,55
372,61
372,60
373,1112
373,1113
373,1111
373,1116
373,1117
373,1109
373,452
373,449
373,447
373,453
373,450
373,446
373,445
373,454
373,448
373,443
373,1101
373,1106
373,1103
373,1100
373,1104
373,1098
373,1097
373,1105
375,742
375,151
375,170
375,150
375,161
375,165
375,164
375,168
375,157
375,162
375,159
375,149
375,148
375,172
375,160
375,155
375,167
375,158
375,156
375,166
375,169
375,564
375,563
375,557
375,576
375,555
375,574
375,575
375,558
375,554
375,573
375,570
375,566
375,569
375,556
375,552
375,568
375,561
375,565
375,567
375,572
375,559
375,562
375,571
375,560
375,553
375,19
375,18
375,15
375,16
375,22
375,6
375,9
375,3
375,5
375,1
375,0
375,10
375,20
375,7
375,24
376,842
376,840
376,829
376,838
376,839
376,831
376,820
376,830
376,822
376,843
376,824
376,841
376,826
376,837
376,825
376,828
376,836
376,480
376,489
376,488
376,481
376,487
376,482
376,485
376,483
376,490
376,486
376,367
376,366
376,374
376,359
376,363
376,380
376,372
376,368
376,356
376,376
376,369
376,370
376,360
376,357
376,379
376,373
376,365
376,358
376,361
376,377
376,364
376,362
376,694
376,696
376,697
376,695
376,691
376,692
376,139
376,991
376,990
376,996
376,994
378,340
378,336
378,343
378,332
378,342
378,337
378,338
378,333
378,334
378,335
378,339
378,341
378,10
378,6
378,5
378,16
378,12
378,1
378,20
378,21
378,14
378,11
378,8
378,15
378,422
378,424
378,435
378,425
378,437
378,423
378,428
378,432
378,346
378,349
378,351
378,353
378,350
378,348
378,344
378,355
378,1008
378,1005
378,1001
378,1006
378,999
378,1002
378,1010
378,1000
378,1007
378,1009
378,1003
378,1004
379,1382
379,1376
379,1375
379,1380
379,1384
379,1378
379,106
379,103
379,100
379,101
379,104
379,416
379,410
379,408
379,417
379,409
379,414
379,411
379,415
379,407
379,899
379,904
379,80
379,77
379,82
379,85
379,83
379,64
379,79
379,70
379,63
379,1303
379,1315
379,1312
379,1321
379,1324
380,412
380,406
380,410
380,413
380,415
380,408
380,416
380,409
380,411
380,414
380,417
380,407
380,844
380,859
380,864
380,868
380,853
380,858
380,863
380,861
380,856
380,847
380,865
380,862
380,852
380,857
380,846
380,851
380,860
380,849
380,866
380,845
380,855
380,854
380,850
380,867
380,848
381,460
381,466
381,462
381,465
382,1123
382,1121
382,1130
382,1120
382,1132
382,1139
382,1135
382,1140
382,1125
382,1131
382,1137
382,1138
382,1122
382,1141
382,1143
382,1128
382,664
382,669
382,672
382,662
382,665
382,663
382,667
382,673
382,666
382,671
382,668
383,470
383,472
383,1296
383,1298
383,1293
383,1300
383,1295
383,1291
383,1297
383,1301
383,1294
383,1292
383,1299
383,1208
383,1210
383,1213
383,1203
383,1217
383,1205
383,1212
383,1200
383,1209
383,1204
383,1194
383,1202
383,1201
383,1206
383,1193
383,1215
383,1207
383,759
383,763
383,765
383,770
383,764
383,767
383,762
383,760
383,769
383,766
383,818
383,810
383,815
383,809
383,812
383,817
383,808
383,816
383,814
383,813
383,811
384,283
384,286
384,292
384,293
384,289
384,290
384,288
384,954
384,958
384,953
384,956
384,961
384,957
384,959
384,962
384,963
384,960
384,955
384,901
384,897
384,905
384,904
385,1401
385,1402
385,1404
385,1400
385,1413
387,907
387,915
387,912
387,914
387,906
387,909
387,917
387,916
387,911
388,500
388,501
388,493
388,502
388,504
388,491
388,494
388,492
388,503
388,508
388,509
388,510
389,35
389,29
389,27
389,36
389,41
389,28
389,42
389,49
389,31
389,32
389,1116
389,1111
389,1113
389,1112
389,1345
389,1344
389,1341
391,723
391,730
391,724
391,729
391,731
391,727
391,733
391,728
391,239
391,226
391,241
391,244
391,235
391,223
391,236
391,245
391,230
391,238
391,243
391,233
391,225
391,240
391,222
391,221
391,224
391,237
391,229
391,242
391,234
391,231
391,232
391,883
391,882
391,874
391,881
391,892
391,875
392,210
392,201
392,196
392,691
392,690
392,697
392,695
392,696
392,686
392,1089
392,1094
392,1092
392,1085
392,1095
392,1087
392,1088
392,1093
392,1086
392,1091
392,481
392,487
392,650
393,1371
393,1365
393,1372
393,1359
393,1367
393,1360
393,1170
393,1180
393,1165
393,1162
393,1172
393,1169
393,1174
393,1163
393,1177
393,1159
393,1178
393,1179
393,1171
393,1175
393,1168
393,1167
393,564
393,576
393,571
393,556
393,567
393,569
393,557
393,552
393,570
393,555
393,559
394,177
394,174
394,179
394,799
394,783
394,804
394,784
394,800
394,798
394,788
394,802
394,803
394,786
394,789
394,805
394,796
395,610
395,601
395,605
395,612
395,604
395,602
395,607
395,609
395,603
395,606
395,611
395,1393
395,1389
395,1395
395,1394
395,1397
395,1396
395,1343
395,673
395,668
395,665
395,669
395,963
395,956
395,959
395,953
395,957
395,955
395,961
395,962
395,960
395,954
395,36
395,46
395,39
395,31
395,37
395,47
396,1160
396,1166
396,1158
396,1179
396,480
396,487
396,484
396,26
396,36
396,27
396,30
396,37
396,25
396,28
396,41
396,46
396,42
396,32
396,43
396,33
396,35
396,38
396,39
396,364
396,365
396,368
396,357
396,376
396,380
396,363
396,372
396,370
396,360
396,374
396,369
396,361
396,359
396,367
396,366
396,1334
396,1329
396,1327
396,1331
396,1328
396,1338
396,1337
398,1001
398,1008
398,1005
398,1003
398,1000
398,1002
398,1006
398,999
398,1010
398,1007
398,1004
398,253
398,254
398,249
398,255
398,256
398,250
398,246
398,247
398,251
398,257
398,248
398,1368
398,1360
398,1370
398,1351
398,1355
398,1358
398,1356
398,1365
398,1354
398,1369
398,1361
398,1371
398,1367
398,1364
398,1359
398,1363
398,1352
398,1366
398,1362
398,1353
398,1357
398,1350
398,1372
398,1373
398,773
398,780
398,775
398,779
398,772
398,778
398,777
398,774
398,782
398,781
399,712
399,711
399,714
399,606
399,609
399,612
399,944
399,946
399,952
399,951
399,942
399,943
400,178
400,182
400,174
400,176
400,175
400,183
400,180
400,181
400,179
400,184
400,173
400,91
400,92
400,98
400,88
400,94
400,89
400,96
400,93
400,95
400,1094
400,1090
400,1089
400,1010
400,1002
400,1009
400,1003
400,1000
400,1007
401,530
401,543
401,528
401,542
401,537
401,538
401,539
401,534
401,551
401,527
401,535
401,540
401,541
401,1015
401,1033
401,1022
401,1020
401,1014
401,1029
401,1032
401,1016
401,1023
401,1027
401,1028
401,1034
401,1026
401,1024
401,1017
401,1031
401,1021
401,256
401,246
401,253
401,255
401,247
401,254
401,248
401,654
401,657
401,660
401,656
401,651
401,652
401,655
402,715
402,711
402,721
402,712
402,713
402,652
402,654
402,660
402,1479
402,1478
402,1476
403,1425
403,1430
403,1424
403,1426
403,810
403,812
403,808
403,818
403,817
403,814
403,816
403,811
403,815
403,800
403,802
403,805
403,786
403,795
403,799
403,796
403,806
403,790
403,787
403,792
403,804
403,797
403,788
403,1339
404,1406
404,1404
404,1403
404,1405
404,1408
404,1400
404,1398
404,1407
404,175
404,182
404,180
404,176
404,178
404,174
404,184
404,177
404,173
404,179
404,181
404,183
405,376
405,362
405,363
405,359
405,357
405,374
405,375
405,366
405,360
405,356
405,370
405,365
405,377
405,368
405,371
405,361
405,379
405,260
405,267
405,276
405,277
405,264
405,270
405,263
405,273
405,265
405,280
405,268
405,269
405,422
405,426
405,423
405,435
405,430
405,692
405,687
405,686
405,693
405,691
405,694
405,688
405,697
405,690
405,689
405,701
405,703
405,706
405,707
405,699
406,1147
406,432
406,438
406,442
406,441
406,435
406,427
406,429
406,425
406,426
406,439
406,422
406,428
406,418
406,431
406,421
406,433
406,424
406,440
406,437
406,420
406,419
406,246
406,254
406,256
406,248
406,250
406,251
406,252
406,249
406,344
406,355
406,354
406,351
406,350
406,352
406,346
406,347
406,590
406,592
406,589
406,594
406,593
406,595
406,597
406,591
407,731
407,733
407,730
407,727
407,729
407,726
407,728
407,725
407,722
407,732
407,724
407,723
407,434
407,426
407,431
407,422
407,420
407,425
407,432
407,428
407,427
407,419
407,442
407,424
407,430
407,421
407,436
407,438
407,418
407,429
407,435
407,439
407,441
407,433
407,437
407,440
407,423
407,1212
407,1210
407,1205
407,1203
407,1198
407,1201
407,1197
407,1208
407,1209
407,1204
407,1207
407,1194
407,1195
407,1213
407,1216
407,1217
407,1211
407,1202
407,1196
407,1199
410,1138
410,1125
410,1126
410,1134
410,1137
410,1121
410,1124
410,1136
410,1128
410,1140
410,1132
410,1143
410,1120
410,1141
410,1119
410,1133
410,1142
410,1123
411,612
411,610
411,604
411,603
411,607
411,592
411,594
411,600
411,595
411,590
411,598
411,596
411,349
411,351
411,353
411,347
411,350
411,344
411,352
411,346
411,345
411,355
411,354
411,348
412,952
412,944
412,942
412,945
412,958
412,957
412,959
412,954
412,960
412,962
412,961
412,963
412,484
412,506
412,512
412,502
412,508
412,495
412,491
412,510
412,505
412,503
413,949
413,952
413,947
413,951
413,52
413,57
413,54
413,53
413,60
413,50
413,58
413,59
413,56
413,61
414,298
414,306
414,305
414,906
414,911
414,910
414,913
414,915
414,916
414,914
414,917
414,908
414,292
414,291
414,285
414,287
415,949
415,944
415,942
415,951
415,948
415,945
415,943
415,950
415,946
415,952
415,372
415,363
415,368
415,364
415,360
415,379
415,361
416,1278
416,1290
416,1268
416,1282
416,1267
416,1277
416,1285
416,1283
416,1288
416,1281
416,1271
416,1287
416,1274
416,1279
416,1269
416,1275
416,1266
416,1280
416,1273
416,1270
417,803
417,785
417,783
417,794
417,797
417,795
417,784
417,796
417,798
417,802
417,789
417,801
417,804
417,790
417,805
419,214
419,197
419,210
419,196
419,205
419,215
419,201
419,200
419,209
419,216
419,198
419,208
419,212
419,213
419,207
419,217
419,218
419,219
419,199
419,204
419,203
419,989
419,993
419,998
419,997
419,994
419,996
419,990
419,995
419,702
419,698
419,707
419,699
419,706
419,700
419,708
419,701
419,705
419,703
419,416
419,408
419,409
419,410
419,415
419,407
419,447
419,443
419,450
419,454
419,449
419,448
419,453
419,444
419,452
419,526
419,524
419,520
419,522
419,521
419,517
419,518
419,519
419,515
419,525
421,866
421,861
421,867
421,853
421,855
421,863
421,847
421,1379
421,1380
421,1375
421,1381
421,1384
421,1385
421,1382
421,895
421,899
421,903
421,902
421,896
421,894
421,905
421,904
421,901
421,900
421,898
421,727
421,725
421,728
421,730
421,732
421,731
421,729
421,722
421,724
421,723
421,726
421,733
423,688
423,686
423,687
423,692
423,695
423,1448
423,1444
423,1467
423,1459
423,1456
423,1463
423,1452
423,1450
423,1445
423,1455
423,1460
423,1466
423,1464
423,1465
423,1171
423,1170
423,1166
423,1177
423,1178
423,1175
423,1159
423,1164
423,1161
423,1165
423,1158
423,1156
423,1172
423,161
423,163
423,162
423,148
423,150
423,158
423,164
423,171
423,170
423,408
423,414
423,413
423,416
423,407
423,406
423,417
424,1041
424,1037
424,1056
424,1045
424,1035
424,1058
424,1059
424,1042
424,1050
424,780
425,1466
425,1445
425,1451
425,1458
425,1468
426,669
426,666
426,665
426,1125
426,115
426,111
426,126
426,131
426,133
427,520
427,519
427,522
427,515
427,525
427,524
427,521
427,51
427,61
427,55
427,59
427,60
427,50
427,53
427,58
427,56
427,57
427,644
427,645
427,646
427,648
427,640
427,647
427,638
427,642
427,649
427,639
427,234
427,236
427,239
427,242
427,223
427,232
427,599
427,591
427,598
427,1415
427,1417
427,1412
427,1410
428,1199
428,1214
428,1215
428,1196
428,1193
428,1202
428,1210
428,1201
428,1208
428,1213
428,1207
428,1195
428,1211
428,1212
428,1203
428,1209
428,1200
428,680
428,675
428,677
428,681
428,676
428,678
428,684
428,679
428,685
428,682
428,773
428,671
428,903
428,894
428,896
428,899
428,905
428,901
428,900
428,897
428,898
429,704
429,708
429,98
429,91
429,87
429,476
429,471
429,477
429,474
429,470
429,472
429,467
429,469
429,473
429,478
429,475
430,841
430,836
430,828
430,823
430,827
430,821
430,838
430,832
430,822
430,840
430,826
430,842
430,837
430,839
430,824
430,833
430,820
430,734
430,744
430,741
430,743
430,752
430,751
430,738
430,753
430,745
430,735
430,742
430,746
430,754
430,750
430,756
430,758
430,755
430,747
430,739
430,736
430,757
431,26
431,30
431,38
431,34
431,39
431,36
431,27
431,43
431,35
431,49
431,46
431,41
431,29
431,33
431,47
431,32
431,48
431,37
431,25
431,1330
431,1335
431,1336
431,1331
431,1334
431,1329
431,1337
431,1332
431,1328
431,1338
431,575
431,557
431,555
431,576
431,571
431,569
431,558
431,565
431,561
431,567
431,556
431,574
431,566
431,562
431,553
431,560
431,573
431,554
431,552
431,568
431,570
431,559
431,564
431,572
434,1398
434,1405
434,1399
434,1401
434,1407
434,1402
434,1213
434,205
434,208
434,203
434,214
434,196
434,198
434,207
434,220
434,202
434,199
434,201
434,197
434,213
434,219
434,204
434,65
434,73
434,79
434,68
434,71
434,62
434,67
434,84
434,82
434,70
434,64
434,75
434,83
434,66
434,1370
434,1350
434,1359
434,1357
434,1354
434,1362
434,1368
434,1351
434,1363
434,1352
434,1367
434,1355
434,1369
434,1365
434,1372
434,1373
434,1361
434,1358
434,1353
434,1360
434,1366
434,1364
434,1371
434,1356
435,474
435,467
435,475
435,468
435,471
435,469
435,478
435,1335
435,1333
435,1331
435,1329
435,1327
435,1332
435,1338
435,1330
435,1336
435,1337
435,1328
435,1334
436,1330
436,1335
436,1327
436,1336
436,1329
436,1338
436,1331
436,1328
436,1332
436,1333
436,1337
436,1334
436,993
436,992
436,994
436,998
436,997
436,995
436,996
436,991
436,988
436,990
436,321
436,329
436,309
436,315
436,323
436,330
436,310
436,331
436,312
436,324
436,317
436,322
436,325
436,320
436,311
436,314
436,313
436,326
436,319
436,327
436,307
436,318
436,316
436,1173
436,1161
436,1179
436,1178
436,1158
436,1164
436,1169
436,1159
436,1165
436,1177
436,1176
436,1172
436,1175
436,1163
436,1168
438,1494
438,1486
438,1495
438,1481
438,1493
438,1485
438,1490
438,1491
438,1499
438,543
441,1368
441,1351
441,1355
441,1360
441,1363
441,1357
441,1354
441,453
441,448
441,450
442,167
442,166
442,172
442,162
442,168
442,165
442,170
442,1151
442,255
442,250
442,251
442,252
442,249
442,1212
442,1205
442,1195
442,346
442,348
442,353
442,352
442,351
442,354
442,345
442,350
442,347
442,355
442,344
443,1401
443,1408
443,1405
443,1402
443,1407
443,1398
443,1400
443,1404
443,1417
443,1418
443,1411
443,1171
443,1166
443,1180
443,1161
443,1173
443,1178
443,1159
443,1164
443,1160
443,1158
443,1174
443,1177
443,1157
443,1169
443,1168
443,1163
443,1162
443,1172
443,1175
443,1190
443,1182
443,1184
443,1185
443,1187
443,1188
443,38
443,29
443,47
443,32
444,1441
444,1432
444,1443
444,1099
444,1102
444,1097
444,1104
444,1107
444,1106
444,1103
447,1384
447,1375
447,1380
447,1374
447,1376
447,1382
447,1378
447,1377
447,579
447,960
447,955
447,962
447,963
447,953
447,957
447,954
447,956
447,961
447,959
447,958
447,756
447,749
447,758
447,738
447,745
447,751
447,753
447,746
447,737
447,744
447,741
447,526
447,523
447,525
447,521
447,522
447,516
447,518
447,520
447,519
447,517
447,515
447,715
447,713
447,714
448,97
448,98
448,227
448,237
448,221
448,226
448,241
448,231
448,234
448,1410
448,1418
448,1412
448,1409
448,1416
448,1413
448,1417
448,1420
448,1419
448,1414
448,1411
448,1415
448,973
448,965
448,977
448,982
448,976
448,985
448,987
448,981
448,968
448,964
448,974
448,979
448,975
448,969
448,971
448,986
448,980
448,339
448,332
448,341
448,340
448,338
448,334
448,336
448,333
448,343
448,342
448,337
448,335
448,1353
448,1372
448,1367
448,1352
448,1351
448,1350
448,1370
448,1354
448,1356
448,1361
448,1358
448,1364
448,1362
448,1368
448,1363
448,1371
448,1355
448,1359
448,1373
448,1366
450,1077
450,1060
450,1081
450,1064
450,1072
450,1079
450,1062
450,1075
450,1061
450,1067
450,1066
450,1063
450,1065
450,1080
450,1071
450,1073
450,1068
450,1183
450,774
450,771
450,776
450,775
450,773
450,781
450,777
450,498
450,513
450,504
450,492
450,497
450,510
450,506
450,495
450,505
450,514
450,502
450,509
450,511
450,501
450,496
450,499
450,507
450,500
450,494
450,512
450,493
451,181
451,180
451,176
451,174
451,183
451,179
451,182
451,173
451,175
451,178
451,177
451,184
451,303
451,305
451,297
451,300
451,301
451,298
451,299
451,295
451,259
451,647
451,642
451,639
451,644
451,648
451,638
451,645
451,1472
451,1479
452,444
452,449
452,454
452,443
452,453
452,448
452,452
452,450
452,446
452,445
452,447
452,451
452,410
452,413
452,411
452,414
452,415
452,408
452,815
452,817
452,814
452,268
452,271
452,259
452,269
453,1467
453,1446
453,1444
453,1454
453,1468
453,1449
453,1461
453,1458
453,1465
453,1455
453,1463
453,1460
453,1448
453,1456
453,1464
453,1342
453,1050
453,1046
453,1052
453,1037
453,1162
453,1160
455,1043
455,1046
455,710
455,718
455,711
455,713
456,469
456,477
456,474
456,467
456,470
456,471
456,475
456,468
456,473
456,472
456,476
456,1420
456,1418
456,1414
456,1409
456,1410
456,1419
456,1411
456,1416
456,1413
456,1415
457,1009
457,685
457,682
457,678
457,681
457,674
457,676
457,677
457,679
457,684
457,680
457,683
457,675
457,446
457,450
457,448
457,444
457,452
457,453
457,454
457,716
457,720
457,721
457,713
457,717
457,715
457,1227
457,1218
457,1224
457,1228
457,1219
458,1176
458,1178
458,1160
458,1173
458,945
458,952
458,946
458,908
458,332
458,339
458,343
458,341
458,616
458,628
458,627
458,617
458,619
458,614
458,636
458,623
458,625
458,631
458,621
458,618
458,613
458,620
458,622
458,632
458,630
458,615
458,633
458,634
458,635
458,629
458,624
458,637
458,626
459,1000
459,1007
459,1006
459,1010
459,1002
459,1004
459,1001
459,33
459,47
459,35
459,37
459,31
459,46
459,25
459,44
459,27
459,36
459,26
459,40
459,49
459,45
459,28
459,29
459,34
459,32
459,48
459,301
460,1298
460,1299
460,1291
460,1294
460,1297
460,1296
460,1292
460,1301
460,1295
460,1300
460,297
460,303
460,301
460,305
460,300
460,298
460,304
460,295
460,101
460,102
460,103
460,110
460,100
460,105
460,104
460,342
460,339
460,338
460,867
460,850
460,863
460,868
460,857
460,844
460,862
460,860
460,855
460,847
460,856
460,858
460,852
460,846
460,853
460,861
460,1168
460,1177
460,1156
460,1164
460,1175
460,1165
460,1173
460,1176
460,1160
460,1159
460,1172
460,1180
460,1157
461,1466
461,1445
461,1460
461,1449
461,1467
461,1454
461,1453
461,1458
461,1461
461,1455
461,1447
461,1444
461,1459
461,1465
461,1468
461,1452
461,1448
461,1450
461,1457
461,1463
461,1456
461,345
461,348
461,344
461,350
461,347
461,1279
461,1290
461,1285
461,1275
461,1277
461,1280
461,1286
461,1267
461,1269
461,1273
462,430
462,433
462,423
462,426
462,422
462,438
462,421
462,429
462,440
462,437
462,432
462,431
462,419
462,425
462,439
462,427
462,418
462,428
462,434
462,436
462,160
462,162
462,148
462,153
462,150
462,157
462,164
462,871
462,881
462,876
462,883
462,886
462,873
462,874
462,893
462,882
462,875
462,879
462,891
462,892
462,880
462,870
462,872
462,877
462,890
462,406
462,408
462,409
462,411
462,413
462,410
462,414
462,416
463,295
463,301
463,299
463,304
463,296
463,297
463,306
463,303
463,305
463,302
463,298
463,1490
463,1487
463,1485
463,1486
463,1494
463,1491
463,1484
463,1497
463,1504
463,1495
463,1498
463,1493
463,1502
463,1482
463,1501
463,1489
463,1500
463,1503
463,1481
463,1492
463,1483
466,132
466,119
466,113
466,126
466,130
466,128
466,115
466,135
466,114
466,116
466,134
466,112
466,117
466,120
466,121
466,127
466,118
466,129
466,111
466,123
466,133
466,124
466,125
466,131
467,128
467,112
467,135
467,134
467,122
467,118
467,124
467,133
467,119
467,116
467,121
467,126
467,129
467,120
467,892
467,880
467,869
467,872
467,893
467,871
467,873
467,877
467,875
467,870
467,886
467,891
467,881
467,883
467,885
467,700
467,703
467,698
467,1146
467,1151
467,1152
467,1144
467,1147
467,1150
467,639
467,646
467,642
467,649
467,640
467,648
471,164
471,157
471,152
471,158
471,170
471,148
471,168
471,162
471,153
471,159
471,88
471,89
472,848
472,858
472,862
472,860
472,865
472,861
472,866
472,854
472,844
472,867
472,851
472,845
472,849
472,868
472,859
472,853
472,857
472,846
472,852
472,864
472,847
472,863
472,855
472,856
472,974
472,973
472,966
472,964
472,970
472,985
472,975
472,987
472,984
472,982
472,978
472,979
472,976
472,971
472,980
472,986
472,981
472,977
472,972
472,246
472,248
472,254
472,257
472,256
472,253
472,252
472,249
472,247
472,255
472,251
473,199
473,211
473,216
473,197
473,215
473,212
473,208
473,201
473,218
473,214
473,206
473,220
473,213
473,198
473,217
473,209
473,210
473,207
473,200
477,835
477,819
477,821
477,842
477,829
477,837
477,830
477,843
477,823
477,832
477,831
477,838
477,834
477,825
477,840
477,828
477,820
477,824
477,833
477,839
477,836
480,678
480,684
480,674
480,681
480,679
480,676
480,682
480,675
480,309
480,329
480,331
480,324
480,323
480,322
480,40
480,27
480,41
480,34
480,26
480,46
480,45
480,33
480,35
480,29
480,1449
480,1454
480,1446
480,1463
480,1444
480,1448
480,1468
480,1445
480,1459
480,1450
480,1453
480,1447
480,1452
480,1456
480,1451
480,1455
480,1462
481,87
481,94
481,97
481,92
481,95
481,598
481,597
481,380
481,374
481,366
481,356
481,378
481,368
481,375
481,357
481,369
481,373
481,365
481,1363
481,1370
481,1366
481,1358
481,1357
481,1365
481,1352
481,1351
481,1373
481,1356
481,1371
481,1369
481,1367
481,1364
482,169
482,155
482,153
482,161
482,170
482,1144
483,408
483,52
483,57
483,50
483,53
483,1323
483,1308
483,1305
483,1317
483,1312
483,1322
483,1311
483,1313
483,1319
483,1302
483,1316
483,1326
483,1321
483,1306
483,1318
483,1324
483,1304
483,1320
483,1314
483,1307
483,1309
483,1315
483,1303
485,227
485,226
485,244
485,243
485,236
485,235
485,239
485,240
485,237
485,223
485,245
485,225
485,234
485,230
485,228
485,233
485,242
485,241
485,231
485,229
485,221
485,232
485,238
485,222
485,224
485,177
485,181
485,180
485,179
485,184
485,182
485,175
485,176
485,173
485,178
485,824
485,832
485,823
485,825
485,822
485,835
485,833
485,826
485,837
485,821
485,838
485,820
485,836
485,841
485,831
485,842
485,827
485,829
485,828
485,839
485,1366
485,1353
485,1371
485,1369
485,1359
485,1360
485,1357
485,1355
485,1364
485,1358
485,1367
485,1373
487,1076
487,1072
487,1064
487,1084
487,1081
487,1079
487,1080
487,1082
487,1061
487,1062
487,1067
487,1083
487,1075
487,1063
487,1070
487,1071
487,1078
487,1065
487,1069
487,1073
487,1077
487,1074
487,1066
487,1060
487,314
487,331
487,317
487,309
487,322
487,318
487,308
487,316
487,323
487,319
487,311
487,321
487,313
487,320
487,326
487,329
487,307
487,312
487,330
487,324
487,315
487,310
487,327
487,328
487,325
487,1448
487,1459
487,1462
487,1445
487,1454
487,1465
487,1452
487,1464
487,1456
487,1455
487,1460
487,1451
487,1254
487,1262
488,760
488,761
488,646
488,644
488,640
488,648
488,649
488,638
488,645
488,647
488,1378
488,1377
488,1383
488,1374
488,1385
488,1384
488,1381
489,592
489,594
489,596
489,590
489,598
489,591
489,589
489,1428
489,1422
489,1427
489,1426
489,1423
489,1023
489,1027
489,1028
489,1021
489,1019
489,1017
489,1034
489,1031
489,1030
489,1029
489,1024
489,1013
489,1032
489,1022
489,1020
489,1014
489,1025
489,1033
489,1016
489,1015
489,254
489,248
489,252
489,246
489,256
489,255
489,247
490,1442
490,1435
490,1441
490,1438
490,1436
490,1440
490,1105
490,1097
490,1104
490,1102
490,1373
490,1372
490,1356
490,1357
490,1362
490,1365
490,1361
490,1352
490,1366
490,1371
490,592
490,595
490,590
490,594
490,598
490,596
490,597
490,600
490,1396
490,1397
490,1394
490,778
490,776
490,774
490,781
490,780
490,775
490,772
490,782
491,464
491,459
491,461
491,455
491,463
491,457
491,465
491,466
491,458
491,448
491,449
491,446
491,453
491,452
491,444
491,451
491,450
491,445
491,447
491,571
491,563
491,556
491,572
491,558
491,576
491,565
491,575
491,560
491,562
491,561
491,554
491,564
491,569
491,574
491,559
491,1469
491,1474
491,1476
494,1273
494,1283
494,1280
494,1284
494,1267
494,1272
494,1270
494,1290
494,1274
494,1289
494,1269
494,1268
494,1275
494,1271
494,1287
494,1278
494,1285
494,1276
494,1286
494,1277
494,1279
494,1282
494,1288
494,99
494,108
494,110
494,109
494,103
494,105
494,106
494,102
494,104
494,107
494,100
494,101
494,630
494,614
494,631
494,624
494,635
494,625
494,634
494,617
495,234
495,808
495,817
495,467
495,470
495,478
495,477
495,474
495,475
495,472
495,476
495,473
495,471
495,410
495,409
495,416
496,1222
496,1192
496,1191
496,1184
496,1186
496,1190
496,1185
496,1181
496,1182
496,1189
496,608
496,603
498,2
498,6
498,20
498,7
498,997
498,994
498,991
498,992
498,993
498,996
498,988
498,439
498,427
498,419
498,433
498,442
498,420
498,418
498,438
498,431
498,441
498,437
498,430
498,425
498,432
498,962
498,959
498,957
498,958
498,954
498,961
498,953
498,956
498,963
498,960
498,1129
498,1125
498,1134
498,1127
498,1132
498,1138
498,1126
498,1128
498,1133
498,1122
498,1140
498,1123
498,1121
498,1142
498,1143
498,1131
498,1120
498,1137
498,1135
498,1124
498,1139
498,1119
499,612
499,605
499,602
499,604
499,874
